lat,long,co_Lvl,co2_Lvl,o3_Lvl,no2_Lvl,createdAt,updatedAt,UserId
41.88199375,-87.62970003,10,5,12,15,3/27/16 16:27,3/27/16 16:27,1
41.87559581,-87.63131409,7,1,10,8,3/27/16 16:27,3/27/16 16:27,1
41.8853591,-87.63445697,2,12,6,5,3/27/16 16:27,3/27/16 16:27,1
41.8729438,-87.61956246,4,8,7,15,3/27/16 16:27,3/27/16 16:27,1
41.88009657,-87.62197712,7,10,10,15,3/27/16 16:27,3/27/16 16:27,1
41.88530807,-87.64116845,14,1,3,0,3/27/16 16:27,3/27/16 16:27,1
41.8734855,-87.61848154,0,12,0,12,3/27/16 16:27,3/27/16 16:27,1
41.87566252,-87.62366948,4,11,7,3,3/27/16 16:27,3/27/16 16:27,1
41.87187005,-87.62363588,0,12,15,5,3/27/16 16:27,3/27/16 16:27,1
41.86670433,-87.62851209,4,13,9,7,3/27/16 16:27,3/27/16 16:27,1
41.87254521,-87.6386443,0,0,12,13,3/27/16 16:27,3/27/16 16:27,1
41.87664043,-87.63069121,7,6,0,10,3/27/16 16:27,3/27/16 16:27,1
41.86885693,-87.62436027,5,12,9,15,3/27/16 16:27,3/27/16 16:27,1
41.87762607,-87.62028398,15,14,12,5,3/27/16 16:27,3/27/16 16:27,1
41.87848083,-87.63181228,4,13,7,5,3/27/16 16:27,3/27/16 16:27,1
41.87405174,-87.62641937,2,7,12,8,3/27/16 16:27,3/27/16 16:27,1
41.87293491,-87.6365453,6,9,4,14,3/27/16 16:27,3/27/16 16:27,1
41.87210213,-87.63630226,1,6,15,7,3/27/16 16:27,3/27/16 16:27,1
41.87513621,-87.63638623,1,6,4,7,3/27/16 16:27,3/27/16 16:27,1
41.88487834,-87.63472875,8,3,10,3,3/27/16 16:27,3/27/16 16:27,1
41.88191939,-87.62808607,14,2,12,8,3/27/16 16:27,3/27/16 16:27,1
41.87138362,-87.6246207,4,10,10,13,3/27/16 16:27,3/27/16 16:27,1
41.86872751,-87.63725919,4,7,6,8,3/27/16 16:27,3/27/16 16:27,1
41.88886625,-87.62899115,6,0,1,6,3/27/16 16:27,3/27/16 16:27,1
41.87335398,-87.63167772,10,6,12,11,3/27/16 16:27,3/27/16 16:27,1
41.87640557,-87.61745045,8,7,12,15,3/27/16 16:27,3/27/16 16:27,1
41.88826297,-87.63518848,14,5,1,6,3/27/16 16:27,3/27/16 16:27,1
41.87547449,-87.61981894,2,4,5,13,3/27/16 16:27,3/27/16 16:27,1
41.87580897,-87.62435535,5,15,5,14,3/27/16 16:27,3/27/16 16:27,1
41.87650939,-87.61605079,7,13,6,15,3/27/16 16:27,3/27/16 16:27,1
41.87183182,-87.61796595,1,7,11,11,3/27/16 16:27,3/27/16 16:27,1
41.88447482,-87.62679079,1,0,7,7,3/27/16 16:27,3/27/16 16:27,1
41.87780343,-87.62380022,3,8,6,4,3/27/16 16:27,3/27/16 16:27,1
41.88636254,-87.62029919,4,14,10,3,3/27/16 16:27,3/27/16 16:27,1
41.8763174,-87.64303887,13,1,5,15,3/27/16 16:27,3/27/16 16:27,1
41.8685698,-87.6214779,12,15,15,10,3/27/16 16:27,3/27/16 16:27,1
41.88374003,-87.63526315,15,9,15,4,3/27/16 16:27,3/27/16 16:27,1
41.87901285,-87.63671816,1,2,6,7,3/27/16 16:27,3/27/16 16:27,1
41.88603935,-87.61898436,6,15,8,6,3/27/16 16:27,3/27/16 16:27,1
41.87671562,-87.63866828,13,8,9,2,3/27/16 16:27,3/27/16 16:27,1
41.8826611,-87.63830526,4,3,11,8,3/27/16 16:27,3/27/16 16:27,1
41.88016786,-87.63367417,4,7,0,0,3/27/16 16:27,3/27/16 16:27,1
41.87139947,-87.63268361,3,8,12,4,3/27/16 16:27,3/27/16 16:27,1
41.86840172,-87.63350914,4,4,4,6,3/27/16 16:27,3/27/16 16:27,1
41.87652386,-87.6190058,1,9,2,10,3/27/16 16:27,3/27/16 16:27,1
41.88320629,-87.63420397,9,13,11,0,3/27/16 16:27,3/27/16 16:27,1
41.88700631,-87.62275153,13,0,13,11,3/27/16 16:27,3/27/16 16:27,1
41.87069229,-87.62497827,11,10,12,10,3/27/16 16:27,3/27/16 16:27,1
41.87982062,-87.63371502,14,6,7,8,3/27/16 16:27,3/27/16 16:27,1
41.88690742,-87.62213348,12,2,2,9,3/27/16 16:27,3/27/16 16:27,1
41.87802972,-87.61616943,15,1,8,12,3/27/16 16:27,3/27/16 16:27,1
41.87001734,-87.62882878,14,2,14,14,3/27/16 16:27,3/27/16 16:27,1
41.86843247,-87.63071653,7,11,9,15,3/27/16 16:27,3/27/16 16:27,1
41.87127581,-87.63201202,11,4,10,14,3/27/16 16:27,3/27/16 16:27,1
41.86727958,-87.6286607,4,14,0,6,3/27/16 16:27,3/27/16 16:27,1
41.8772401,-87.64503814,4,3,5,0,3/27/16 16:27,3/27/16 16:27,1
41.88292931,-87.64075595,10,2,10,11,3/27/16 16:27,3/27/16 16:27,1
41.87106653,-87.63469533,2,3,8,0,3/27/16 16:27,3/27/16 16:27,1
41.88082192,-87.6202123,9,1,12,0,3/27/16 16:27,3/27/16 16:27,1
41.88509658,-87.64210126,2,12,5,3,3/27/16 16:27,3/27/16 16:27,1
41.87884587,-87.61962631,14,10,0,5,3/27/16 16:27,3/27/16 16:27,1
41.88112656,-87.63348683,1,5,13,11,3/27/16 16:27,3/27/16 16:27,1
41.8702669,-87.62057033,6,9,5,10,3/27/16 16:27,3/27/16 16:27,1
41.88809939,-87.62693161,4,9,12,5,3/27/16 16:27,3/27/16 16:27,1
41.88100048,-87.62487627,0,0,0,13,3/27/16 16:27,3/27/16 16:27,1
41.87004469,-87.64080743,3,1,2,5,3/27/16 16:27,3/27/16 16:27,1
41.86806444,-87.62385429,8,10,13,13,3/27/16 16:27,3/27/16 16:27,1
41.87362201,-87.62844723,1,14,3,3,3/27/16 16:27,3/27/16 16:27,1
41.86894824,-87.62857198,5,5,11,3,3/27/16 16:27,3/27/16 16:27,1
41.88037238,-87.64444619,4,6,1,10,3/27/16 16:27,3/27/16 16:27,1
41.87278872,-87.62555555,7,9,12,8,3/27/16 16:27,3/27/16 16:27,1
41.88256259,-87.62755909,4,1,7,2,3/27/16 16:27,3/27/16 16:27,1
41.88595021,-87.63852843,7,3,15,15,3/27/16 16:27,3/27/16 16:27,1
41.8724407,-87.61681482,10,8,14,8,3/27/16 16:27,3/27/16 16:27,1
41.88739649,-87.6322676,10,0,14,5,3/27/16 16:27,3/27/16 16:27,1
41.88494452,-87.61871297,12,9,12,15,3/27/16 16:27,3/27/16 16:27,1
41.86921003,-87.62777675,11,6,14,15,3/27/16 16:27,3/27/16 16:27,1
41.88420742,-87.62963444,11,10,12,3,3/27/16 16:27,3/27/16 16:27,1
41.8792953,-87.62005071,1,7,7,15,3/27/16 16:27,3/27/16 16:27,1
41.88537145,-87.63601683,14,11,12,12,3/27/16 16:27,3/27/16 16:27,1
41.87886178,-87.61971709,1,1,2,13,3/27/16 16:27,3/27/16 16:27,1
41.87131011,-87.63805762,12,6,10,14,3/27/16 16:27,3/27/16 16:27,1
41.87822893,-87.63926714,0,3,6,8,3/27/16 16:27,3/27/16 16:27,1
41.8790994,-87.62475396,4,14,12,3,3/27/16 16:27,3/27/16 16:27,1
41.88305067,-87.62700653,9,14,8,12,3/27/16 16:27,3/27/16 16:27,1
41.88182139,-87.63997914,6,8,10,8,3/27/16 16:27,3/27/16 16:27,1
41.88774192,-87.62673118,0,3,8,12,3/27/16 16:27,3/27/16 16:27,1
41.87804236,-87.62381335,7,1,15,14,3/27/16 16:27,3/27/16 16:27,1
41.8685514,-87.63462278,11,14,12,8,3/27/16 16:27,3/27/16 16:27,1
41.87171891,-87.62654915,0,15,5,13,3/27/16 16:27,3/27/16 16:27,1
41.87354686,-87.64372628,15,5,2,9,3/27/16 16:27,3/27/16 16:27,1
41.87897485,-87.61693627,15,6,11,7,3/27/16 16:27,3/27/16 16:27,1
41.87626383,-87.62193821,8,4,15,10,3/27/16 16:27,3/27/16 16:27,1
41.87337951,-87.63645558,12,2,9,5,3/27/16 16:27,3/27/16 16:27,1
41.87403399,-87.62965324,2,10,10,4,3/27/16 16:27,3/27/16 16:27,1
41.87315268,-87.64364544,11,3,6,7,3/27/16 16:27,3/27/16 16:27,1
41.87415937,-87.62803887,13,8,12,6,3/27/16 16:27,3/27/16 16:27,1
41.88169297,-87.64328857,7,0,10,8,3/27/16 16:27,3/27/16 16:27,1
41.88460125,-87.63765283,2,6,11,8,3/27/16 16:27,3/27/16 16:27,1
41.88065128,-87.61642517,11,13,14,7,3/27/16 16:27,3/27/16 16:27,1
41.86968951,-87.62746234,7,13,2,2,3/27/16 16:27,3/27/16 16:27,1
41.87404681,-87.64027253,11,3,13,9,3/27/16 16:27,3/27/16 16:27,1
41.8827492,-87.6189274,14,4,3,12,3/27/16 16:27,3/27/16 16:27,1
41.87805287,-87.63148882,0,3,5,8,3/27/16 16:27,3/27/16 16:27,1
41.88084162,-87.64088018,3,1,15,5,3/27/16 16:27,3/27/16 16:27,1
41.87139822,-87.62426727,9,1,6,13,3/27/16 16:27,3/27/16 16:27,1
41.8804054,-87.63179363,3,5,13,6,3/27/16 16:27,3/27/16 16:27,1
41.87349177,-87.62310858,0,6,7,3,3/27/16 16:27,3/27/16 16:27,1
41.87103805,-87.62501781,5,13,6,9,3/27/16 16:27,3/27/16 16:27,1
41.88241631,-87.63218838,1,0,5,3,3/27/16 16:27,3/27/16 16:27,1
41.87046916,-87.63521606,2,6,4,9,3/27/16 16:27,3/27/16 16:27,1
41.87102696,-87.63776667,9,1,6,2,3/27/16 16:27,3/27/16 16:27,1
41.88027469,-87.64036262,1,8,3,3,3/27/16 16:27,3/27/16 16:27,1
41.88251928,-87.61929181,5,12,0,2,3/27/16 16:27,3/27/16 16:27,1
41.88684433,-87.6354517,15,8,8,6,3/27/16 16:27,3/27/16 16:27,1
41.87347058,-87.64172421,0,11,4,13,3/27/16 16:27,3/27/16 16:27,1
41.88203371,-87.62016765,5,4,3,5,3/27/16 16:27,3/27/16 16:27,1
41.86802041,-87.63599572,5,0,1,3,3/27/16 16:27,3/27/16 16:27,1
41.87883661,-87.6156338,5,14,14,12,3/27/16 16:27,3/27/16 16:27,1
41.88338479,-87.62775855,11,9,5,5,3/27/16 16:27,3/27/16 16:27,1
41.88747047,-87.62241268,9,1,2,14,3/27/16 16:27,3/27/16 16:27,1
41.87105522,-87.62273875,14,9,14,15,3/27/16 16:27,3/27/16 16:27,1
41.87310434,-87.61775213,4,13,1,1,3/27/16 16:27,3/27/16 16:27,1
41.87793874,-87.64059544,5,13,14,14,3/27/16 16:27,3/27/16 16:27,1
41.87684286,-87.6172885,5,9,11,2,3/27/16 16:27,3/27/16 16:27,1
41.87269358,-87.61710572,6,14,0,3,3/27/16 16:27,3/27/16 16:27,1
41.87743965,-87.62470152,3,7,12,13,3/27/16 16:27,3/27/16 16:27,1
41.87651268,-87.62180248,8,7,2,9,3/27/16 16:27,3/27/16 16:27,1
41.87542443,-87.61740597,4,10,11,6,3/27/16 16:27,3/27/16 16:27,1
41.88467991,-87.63754354,8,14,14,13,3/27/16 16:27,3/27/16 16:27,1
41.86696621,-87.63037165,14,12,7,14,3/27/16 16:27,3/27/16 16:27,1
41.88359063,-87.61711719,4,10,1,5,3/27/16 16:27,3/27/16 16:27,1
41.8812162,-87.62634713,3,5,1,7,3/27/16 16:27,3/27/16 16:27,1
41.86764447,-87.63460446,7,13,2,11,3/27/16 16:27,3/27/16 16:27,1
41.87523227,-87.63752621,12,6,10,7,3/27/16 16:27,3/27/16 16:27,1
41.87004939,-87.6373837,3,8,7,4,3/27/16 16:27,3/27/16 16:27,1
41.88205165,-87.61932821,1,9,6,13,3/27/16 16:27,3/27/16 16:27,1
41.87553663,-87.62305832,2,8,14,3,3/27/16 16:27,3/27/16 16:27,1
41.88041123,-87.62146707,5,11,4,11,3/27/16 16:27,3/27/16 16:27,1
41.87940842,-87.61604626,11,6,0,1,3/27/16 16:27,3/27/16 16:27,1
41.8688998,-87.63363299,13,3,1,11,3/27/16 16:27,3/27/16 16:27,1
41.87623231,-87.61981418,0,0,13,7,3/27/16 16:27,3/27/16 16:27,1
41.88006928,-87.62597006,4,5,5,0,3/27/16 16:27,3/27/16 16:27,1
41.8765234,-87.63210296,9,15,11,10,3/27/16 16:27,3/27/16 16:27,1
41.87445439,-87.62414317,9,9,4,0,3/27/16 16:27,3/27/16 16:27,1
41.87593442,-87.62987178,7,13,1,3,3/27/16 16:27,3/27/16 16:27,1
41.87458112,-87.62704399,11,12,7,4,3/27/16 16:27,3/27/16 16:27,1
41.8723647,-87.63504264,1,7,10,4,3/27/16 16:27,3/27/16 16:27,1
41.87947234,-87.62003252,4,9,7,12,3/27/16 16:27,3/27/16 16:27,1
41.88705768,-87.62929199,15,15,2,2,3/27/16 16:27,3/27/16 16:27,1
41.87896115,-87.61561881,1,14,5,11,3/27/16 16:27,3/27/16 16:27,1
41.873025,-87.64154715,10,1,10,13,3/27/16 16:27,3/27/16 16:27,1
41.87979864,-87.6356668,10,13,2,1,3/27/16 16:27,3/27/16 16:27,1
41.87812852,-87.62151353,15,4,12,14,3/27/16 16:27,3/27/16 16:27,1
41.87412452,-87.64262972,1,13,1,4,3/27/16 16:27,3/27/16 16:27,1
41.87914793,-87.628634,6,7,8,5,3/27/16 16:27,3/27/16 16:27,1
41.8695408,-87.62446711,3,0,4,2,3/27/16 16:27,3/27/16 16:27,1
41.8770584,-87.62178147,5,8,10,7,3/27/16 16:27,3/27/16 16:27,1
41.88659492,-87.61973675,8,7,7,7,3/27/16 16:27,3/27/16 16:27,1
41.87794263,-87.62961714,7,5,10,4,3/27/16 16:27,3/27/16 16:27,1
41.87038459,-87.63821889,4,2,2,15,3/27/16 16:27,3/27/16 16:27,1
41.87645554,-87.62674751,1,15,9,4,3/27/16 16:27,3/27/16 16:27,1
41.87595472,-87.61947491,5,6,2,5,3/27/16 16:27,3/27/16 16:27,1
41.87900048,-87.61830361,10,2,10,0,3/27/16 16:27,3/27/16 16:27,1
41.87096427,-87.62915291,7,2,6,5,3/27/16 16:27,3/27/16 16:27,1
41.88438332,-87.63060286,4,7,11,11,3/27/16 16:27,3/27/16 16:27,1
41.88265533,-87.62032125,13,3,2,15,3/27/16 16:27,3/27/16 16:27,1
41.87160517,-87.6354756,2,14,8,11,3/27/16 16:27,3/27/16 16:27,1
41.87853571,-87.62262593,5,13,15,15,3/27/16 16:27,3/27/16 16:27,1
41.87981406,-87.6394908,11,4,0,2,3/27/16 16:27,3/27/16 16:27,1
41.87297919,-87.63147748,3,2,6,6,3/27/16 16:27,3/27/16 16:27,1
41.87881097,-87.61874931,15,0,0,4,3/27/16 16:27,3/27/16 16:27,1
41.87920264,-87.63134824,0,15,6,2,3/27/16 16:27,3/27/16 16:27,1
41.87989668,-87.64250636,6,4,13,14,3/27/16 16:27,3/27/16 16:27,1
41.88507859,-87.62067709,4,3,4,2,3/27/16 16:27,3/27/16 16:27,1
41.883823,-87.62344883,6,2,0,4,3/27/16 16:27,3/27/16 16:27,1
41.87577038,-87.64084682,15,9,10,1,3/27/16 16:27,3/27/16 16:27,1
41.88237121,-87.61707364,14,10,5,10,3/27/16 16:27,3/27/16 16:27,1
41.87674386,-87.64138823,6,6,7,10,3/27/16 16:27,3/27/16 16:27,1
41.88456465,-87.63325749,10,1,5,8,3/27/16 16:27,3/27/16 16:27,1
41.88156246,-87.64405865,9,3,11,2,3/27/16 16:27,3/27/16 16:27,1
41.88579766,-87.63362916,6,3,6,9,3/27/16 16:27,3/27/16 16:27,1
41.87801259,-87.63202025,14,10,13,14,3/27/16 16:27,3/27/16 16:27,1
41.88764998,-87.62183329,9,9,9,10,3/27/16 16:27,3/27/16 16:27,1
41.88429496,-87.63421936,1,14,8,14,3/27/16 16:27,3/27/16 16:27,1
41.8861292,-87.63698401,4,15,4,8,3/27/16 16:27,3/27/16 16:27,1
41.8776098,-87.62912105,1,15,8,1,3/27/16 16:27,3/27/16 16:27,1
41.88141401,-87.61684477,12,1,8,14,3/27/16 16:27,3/27/16 16:27,1
41.87009709,-87.63282143,4,6,7,12,3/27/16 16:27,3/27/16 16:27,1
41.86892253,-87.6290508,14,14,11,10,3/27/16 16:27,3/27/16 16:27,1
41.87802132,-87.6384997,11,6,15,0,3/27/16 16:27,3/27/16 16:27,1
41.87532932,-87.62531915,5,11,4,4,3/27/16 16:27,3/27/16 16:27,1
41.88074414,-87.62317306,15,9,11,9,3/27/16 16:27,3/27/16 16:27,1
41.88821719,-87.63281615,4,13,9,0,3/27/16 16:27,3/27/16 16:27,1
41.87727652,-87.62974698,8,7,8,10,3/27/16 16:27,3/27/16 16:27,1
41.87795391,-87.63726261,13,3,3,3,3/27/16 16:27,3/27/16 16:27,1
41.8854679,-87.63624461,15,7,2,13,3/27/16 16:27,3/27/16 16:27,1
41.87980937,-87.61747753,0,10,3,9,3/27/16 16:27,3/27/16 16:27,1
41.87815092,-87.62414089,3,0,13,5,3/27/16 16:27,3/27/16 16:27,1
41.88058115,-87.62107869,14,13,5,6,3/27/16 16:27,3/27/16 16:27,1
41.87428026,-87.62064363,0,14,7,5,3/27/16 16:27,3/27/16 16:27,1
41.87870104,-87.62756297,9,13,11,6,3/27/16 16:27,3/27/16 16:27,1
41.8762363,-87.62449187,15,5,12,8,3/27/16 16:27,3/27/16 16:27,1
41.88703295,-87.63818966,3,12,7,1,3/27/16 16:27,3/27/16 16:27,1
41.87003529,-87.62757731,10,14,15,8,3/27/16 16:27,3/27/16 16:27,1
41.87635023,-87.6200795,3,14,6,11,3/27/16 16:27,3/27/16 16:27,1
41.88013698,-87.64286722,2,15,3,7,3/27/16 16:27,3/27/16 16:27,1
41.88056137,-87.61887601,9,10,11,13,3/27/16 16:27,3/27/16 16:27,1
41.88785623,-87.62874536,7,14,12,5,3/27/16 16:27,3/27/16 16:27,1
41.88324715,-87.63617725,2,6,2,7,3/27/16 16:27,3/27/16 16:27,1
41.88330159,-87.62008603,13,4,2,4,3/27/16 16:27,3/27/16 16:27,1
41.88279344,-87.6181774,6,15,1,0,3/27/16 16:27,3/27/16 16:27,1
41.88532163,-87.62013936,8,11,3,14,3/27/16 16:27,3/27/16 16:27,1
41.87208756,-87.63478163,1,5,15,4,3/27/16 16:27,3/27/16 16:27,1
41.87610878,-87.62858662,14,4,9,3,3/27/16 16:27,3/27/16 16:27,1
41.87947011,-87.6394015,7,1,15,1,3/27/16 16:27,3/27/16 16:27,1
41.88271744,-87.63124099,8,7,9,1,3/27/16 16:27,3/27/16 16:27,1
41.87929068,-87.63491357,3,0,11,5,3/27/16 16:27,3/27/16 16:27,1
41.87317973,-87.63272272,0,11,14,13,3/27/16 16:27,3/27/16 16:27,1
41.88379913,-87.61736172,3,5,10,3,3/27/16 16:27,3/27/16 16:27,1
41.87980105,-87.63868499,0,10,7,10,3/27/16 16:27,3/27/16 16:27,1
41.87418356,-87.6417263,3,15,3,13,3/27/16 16:27,3/27/16 16:27,1
41.87068018,-87.63429303,2,9,2,12,3/27/16 16:27,3/27/16 16:27,1
41.88026953,-87.63631969,5,5,12,13,3/27/16 16:27,3/27/16 16:27,1
41.88439807,-87.62786273,12,3,10,15,3/27/16 16:27,3/27/16 16:27,1
41.88737201,-87.6356158,1,8,15,0,3/27/16 16:27,3/27/16 16:27,1
41.88056503,-87.6237202,3,10,11,15,3/27/16 16:27,3/27/16 16:27,1
41.8800891,-87.6319099,4,7,15,5,3/27/16 16:27,3/27/16 16:27,1
41.88742097,-87.63563383,10,12,12,8,3/27/16 16:27,3/27/16 16:27,1
41.88427584,-87.63864255,4,5,15,6,3/27/16 16:27,3/27/16 16:27,1
41.86703197,-87.62880739,13,8,10,14,3/27/16 16:27,3/27/16 16:27,1
41.87461119,-87.630661,6,1,6,7,3/27/16 16:27,3/27/16 16:27,1
41.8702371,-87.63511004,11,15,1,0,3/27/16 16:27,3/27/16 16:27,1
41.87746219,-87.64209273,13,13,11,11,3/27/16 16:27,3/27/16 16:27,1
41.87430245,-87.62457278,2,3,9,12,3/27/16 16:27,3/27/16 16:27,1
41.87674144,-87.63486339,3,5,3,10,3/27/16 16:27,3/27/16 16:27,1
41.87882511,-87.61722516,15,3,2,0,3/27/16 16:27,3/27/16 16:27,1
41.87097821,-87.61763568,10,4,13,7,3/27/16 16:27,3/27/16 16:27,1
41.88567676,-87.61996744,11,15,4,10,3/27/16 16:27,3/27/16 16:27,1
41.88747189,-87.62730745,13,14,5,6,3/27/16 16:27,3/27/16 16:27,1
41.87730786,-87.63852946,13,10,8,10,3/27/16 16:27,3/27/16 16:27,1
41.88257402,-87.63173286,14,0,4,4,3/27/16 16:27,3/27/16 16:27,1
41.88631183,-87.62611143,10,3,11,7,3/27/16 16:27,3/27/16 16:27,1
41.88003773,-87.63230181,6,14,4,8,3/27/16 16:27,3/27/16 16:27,1
41.88339164,-87.6207533,5,7,8,14,3/27/16 16:27,3/27/16 16:27,1
41.88028721,-87.62874199,6,9,6,14,3/27/16 16:27,3/27/16 16:27,1
41.87629547,-87.62458563,1,2,3,0,3/27/16 16:27,3/27/16 16:27,1
41.87415705,-87.63329942,0,11,0,8,3/27/16 16:27,3/27/16 16:27,1
41.87666939,-87.62933853,4,8,14,14,3/27/16 16:27,3/27/16 16:27,1
41.87678287,-87.63530456,4,11,11,1,3/27/16 16:27,3/27/16 16:27,1
41.8847551,-87.63231401,7,10,7,0,3/27/16 16:27,3/27/16 16:27,1
41.88194035,-87.63062575,2,4,4,12,3/27/16 16:27,3/27/16 16:27,1
41.87041572,-87.62045749,15,2,2,1,3/27/16 16:27,3/27/16 16:27,1
41.88150379,-87.63438255,4,13,8,8,3/27/16 16:27,3/27/16 16:27,1
41.87263423,-87.62942119,13,7,2,7,3/27/16 16:27,3/27/16 16:27,1
41.86797293,-87.63713775,2,14,6,7,3/27/16 16:27,3/27/16 16:27,1
41.87570681,-87.64261949,13,10,1,11,3/27/16 16:27,3/27/16 16:27,1
41.87329424,-87.63735533,5,4,11,13,3/27/16 16:27,3/27/16 16:27,1
41.87178393,-87.63753372,10,10,7,8,3/27/16 16:27,3/27/16 16:27,1
41.88552876,-87.61920522,8,6,12,7,3/27/16 16:27,3/27/16 16:27,1
41.88196638,-87.62413801,9,5,15,0,3/27/16 16:27,3/27/16 16:27,1
41.88443833,-87.63495364,13,6,4,13,3/27/16 16:27,3/27/16 16:27,1
41.87698087,-87.64164267,1,14,3,3,3/27/16 16:27,3/27/16 16:27,1
41.87884463,-87.61869514,4,9,9,15,3/27/16 16:27,3/27/16 16:27,1
41.86914965,-87.62945617,4,9,6,4,3/27/16 16:27,3/27/16 16:27,1
41.88418263,-87.62513024,9,4,6,2,3/27/16 16:27,3/27/16 16:27,1
41.87421164,-87.62119328,3,0,6,3,3/27/16 16:27,3/27/16 16:27,1
41.88018692,-87.61734306,13,8,7,14,3/27/16 16:27,3/27/16 16:27,1
41.88008591,-87.64043658,9,0,7,14,3/27/16 16:27,3/27/16 16:27,1
41.87091478,-87.63451559,7,1,12,1,3/27/16 16:27,3/27/16 16:27,1
41.88704132,-87.63783388,9,9,5,13,3/27/16 16:27,3/27/16 16:27,1
41.88141761,-87.64221943,0,13,5,7,3/27/16 16:27,3/27/16 16:27,1
41.86754898,-87.62869715,7,9,10,7,3/27/16 16:27,3/27/16 16:27,1
41.88618459,-87.63516833,6,12,6,8,3/27/16 16:27,3/27/16 16:27,1
41.87803567,-87.63159145,0,0,8,9,3/27/16 16:27,3/27/16 16:27,1
41.87277283,-87.62002512,14,11,3,3,3/27/16 16:27,3/27/16 16:27,1
41.87321078,-87.64184389,12,11,4,12,3/27/16 16:27,3/27/16 16:27,1
41.88259764,-87.62137234,13,10,10,10,3/27/16 16:27,3/27/16 16:27,1
41.88663059,-87.63829463,12,2,5,8,3/27/16 16:27,3/27/16 16:27,1
41.87323604,-87.64151701,4,3,12,12,3/27/16 16:27,3/27/16 16:27,1
41.87201028,-87.63216212,7,15,11,12,3/27/16 16:27,3/27/16 16:27,1
41.87286901,-87.64137538,13,12,12,8,3/27/16 16:27,3/27/16 16:27,1
41.88164198,-87.63999274,5,0,3,0,3/27/16 16:27,3/27/16 16:27,1
41.88285212,-87.64356225,14,5,8,1,3/27/16 16:27,3/27/16 16:27,1
41.87429716,-87.63419608,9,15,8,2,3/27/16 16:27,3/27/16 16:27,1
41.87440918,-87.6307983,12,9,15,15,3/27/16 16:27,3/27/16 16:27,1
41.87249485,-87.62657481,2,7,12,3,3/27/16 16:27,3/27/16 16:27,1
41.87239102,-87.62996064,9,14,14,15,3/27/16 16:27,3/27/16 16:27,1
41.87254457,-87.61960378,15,9,2,12,3/27/16 16:27,3/27/16 16:27,1
41.88369898,-87.63312789,14,9,3,5,3/27/16 16:27,3/27/16 16:27,1
41.88170984,-87.63173318,4,8,5,11,3/27/16 16:27,3/27/16 16:27,1
41.88142422,-87.61943493,0,4,10,10,3/27/16 16:27,3/27/16 16:27,1
41.88438491,-87.62219875,6,0,6,2,3/27/16 16:27,3/27/16 16:27,1
41.87489641,-87.62163512,1,12,8,7,3/27/16 16:27,3/27/16 16:27,1
41.87681966,-87.61473439,3,12,10,9,3/27/16 16:27,3/27/16 16:27,1
41.88389351,-87.62525238,14,9,6,9,3/27/16 16:27,3/27/16 16:27,1
41.8770712,-87.62365919,5,4,3,1,3/27/16 16:27,3/27/16 16:27,1
41.87519491,-87.62222923,13,13,7,10,3/27/16 16:27,3/27/16 16:27,1
41.87764312,-87.62208028,1,3,1,10,3/27/16 16:27,3/27/16 16:27,1
41.87220914,-87.63270241,15,4,2,15,3/27/16 16:27,3/27/16 16:27,1
41.88618824,-87.62947734,2,3,3,0,3/27/16 16:27,3/27/16 16:27,1
41.87612732,-87.64404809,14,9,8,10,3/27/16 16:27,3/27/16 16:27,1
41.87501916,-87.63002152,8,10,15,15,3/27/16 16:27,3/27/16 16:27,1
41.87595535,-87.62786257,13,7,2,1,3/27/16 16:27,3/27/16 16:27,1
41.87987825,-87.6364785,0,1,0,9,3/27/16 16:27,3/27/16 16:27,1
41.87230065,-87.62309154,3,0,11,2,3/27/16 16:27,3/27/16 16:27,1
41.889162,-87.63390085,12,5,0,4,3/27/16 16:27,3/27/16 16:27,1
41.88046525,-87.64476764,12,14,10,8,3/27/16 16:27,3/27/16 16:27,1
41.87784459,-87.61458219,8,6,2,15,3/27/16 16:27,3/27/16 16:27,1
41.87289851,-87.61706963,4,10,12,9,3/27/16 16:27,3/27/16 16:27,1
41.87913865,-87.61985029,1,4,6,8,3/27/16 16:27,3/27/16 16:27,1
41.87950108,-87.62537751,9,4,3,4,3/27/16 16:27,3/27/16 16:27,1
41.88682484,-87.62061283,9,4,2,12,3/27/16 16:27,3/27/16 16:27,1
41.86880705,-87.62333732,11,1,15,6,3/27/16 16:27,3/27/16 16:27,1
41.87106229,-87.62320042,7,11,0,2,3/27/16 16:27,3/27/16 16:27,1
41.88560423,-87.63315777,14,4,4,15,3/27/16 16:27,3/27/16 16:27,1
41.87488583,-87.63341733,3,8,11,5,3/27/16 16:27,3/27/16 16:27,1
41.87338303,-87.62282303,5,6,11,0,3/27/16 16:27,3/27/16 16:27,1
41.8731157,-87.61612184,12,3,2,8,3/27/16 16:27,3/27/16 16:27,1
41.88206617,-87.63265109,9,5,1,2,3/27/16 16:27,3/27/16 16:27,1
41.88164788,-87.61703979,11,4,15,3,3/27/16 16:27,3/27/16 16:27,1
41.87413047,-87.63999488,1,2,10,7,3/27/16 16:27,3/27/16 16:27,1
41.88163147,-87.62001465,6,12,5,2,3/27/16 16:27,3/27/16 16:27,1
41.87850191,-87.61818904,11,9,11,10,3/27/16 16:27,3/27/16 16:27,1
41.87424421,-87.643261,7,3,6,11,3/27/16 16:27,3/27/16 16:27,1
41.87831316,-87.62802013,9,2,11,13,3/27/16 16:27,3/27/16 16:27,1
41.87226183,-87.637879,8,11,4,9,3/27/16 16:27,3/27/16 16:27,1
41.88018489,-87.63286217,10,3,1,5,3/27/16 16:27,3/27/16 16:27,1
41.86940081,-87.63159251,11,11,5,12,3/27/16 16:27,3/27/16 16:27,1
41.88230672,-87.64116057,9,1,2,11,3/27/16 16:27,3/27/16 16:27,1
41.88567576,-87.62035331,9,12,15,5,3/27/16 16:27,3/27/16 16:27,1
41.87847619,-87.64094926,10,2,15,6,3/27/16 16:27,3/27/16 16:27,1
41.88376212,-87.62311849,1,13,13,3,3/27/16 16:27,3/27/16 16:27,1
41.87076516,-87.62308758,0,2,10,3,3/27/16 16:27,3/27/16 16:27,1
41.87697817,-87.63263208,4,9,6,8,3/27/16 16:27,3/27/16 16:27,1
41.87807572,-87.62302799,5,7,12,7,3/27/16 16:27,3/27/16 16:27,1
41.87854496,-87.61947395,6,9,8,11,3/27/16 16:27,3/27/16 16:27,1
41.88690889,-87.63787867,12,12,7,9,3/27/16 16:27,3/27/16 16:27,1
41.87735264,-87.61988923,9,3,4,15,3/27/16 16:27,3/27/16 16:27,1
41.86959911,-87.6224898,6,15,13,5,3/27/16 16:27,3/27/16 16:27,1
41.88739635,-87.626203,0,1,4,9,3/27/16 16:27,3/27/16 16:27,1
41.8697617,-87.62878824,11,2,8,10,3/27/16 16:27,3/27/16 16:27,1
41.87377273,-87.63231985,3,13,7,1,3/27/16 16:27,3/27/16 16:27,1
41.87529281,-87.6417359,8,8,12,1,3/27/16 16:27,3/27/16 16:27,1
41.88414139,-87.63036196,3,0,6,3,3/27/16 16:27,3/27/16 16:27,1
41.8709283,-87.63055465,10,12,13,6,3/27/16 16:27,3/27/16 16:27,1
41.88174312,-87.61996843,15,11,1,6,3/27/16 16:27,3/27/16 16:27,1
41.88309786,-87.62100908,6,5,9,10,3/27/16 16:27,3/27/16 16:27,1
41.87157753,-87.6200271,8,4,10,3,3/27/16 16:27,3/27/16 16:27,1
41.87306285,-87.63212537,6,11,4,1,3/27/16 16:27,3/27/16 16:27,1
41.8706954,-87.62850415,4,11,12,8,3/27/16 16:27,3/27/16 16:27,1
41.88325077,-87.62865751,13,10,14,7,3/27/16 16:27,3/27/16 16:27,1
41.8740172,-87.62947155,3,8,12,12,3/27/16 16:27,3/27/16 16:27,1
41.88702827,-87.62517602,15,12,4,7,3/27/16 16:27,3/27/16 16:27,1
41.87484956,-87.6300954,6,5,10,6,3/27/16 16:27,3/27/16 16:27,1
41.87275624,-87.62670392,8,6,4,8,3/27/16 16:27,3/27/16 16:27,1
41.88086004,-87.63613142,6,7,12,8,3/27/16 16:27,3/27/16 16:27,1
41.88043401,-87.64211455,3,11,3,3,3/27/16 16:27,3/27/16 16:27,1
41.8799468,-87.63922644,10,10,2,13,3/27/16 16:27,3/27/16 16:27,1
41.87369832,-87.62831723,3,5,12,9,3/27/16 16:27,3/27/16 16:27,1
41.88004148,-87.6409947,12,8,12,11,3/27/16 16:27,3/27/16 16:27,1
41.8729799,-87.62376934,10,11,11,0,3/27/16 16:27,3/27/16 16:27,1
41.8865813,-87.6210569,9,9,1,7,3/27/16 16:27,3/27/16 16:27,1
41.87492349,-87.63814372,15,6,0,3,3/27/16 16:27,3/27/16 16:27,1
41.87028268,-87.61962662,12,9,1,12,3/27/16 16:27,3/27/16 16:27,1
41.8684217,-87.62995598,1,8,13,6,3/27/16 16:27,3/27/16 16:27,1
41.8744441,-87.64269456,1,14,14,10,3/27/16 16:27,3/27/16 16:27,1
41.88331447,-87.61931357,3,10,7,3,3/27/16 16:27,3/27/16 16:27,1
41.87968252,-87.62559382,4,7,0,1,3/27/16 16:27,3/27/16 16:27,1
41.87400729,-87.62036083,2,1,12,3,3/27/16 16:27,3/27/16 16:27,1
41.8796501,-87.61871852,10,14,4,8,3/27/16 16:27,3/27/16 16:27,1
41.87544041,-87.63721704,8,12,1,14,3/27/16 16:27,3/27/16 16:27,1
41.871345,-87.62285326,9,11,1,15,3/27/16 16:27,3/27/16 16:27,1
41.88453101,-87.63710841,15,8,1,6,3/27/16 16:27,3/27/16 16:27,1
41.88557091,-87.63216821,7,1,3,0,3/27/16 16:27,3/27/16 16:27,1
41.87344653,-87.63203406,15,15,15,1,3/27/16 16:27,3/27/16 16:27,1
41.88120944,-87.63690456,6,14,7,2,3/27/16 16:27,3/27/16 16:27,1
41.88034522,-87.62053091,9,14,3,12,3/27/16 16:27,3/27/16 16:27,1
41.88189583,-87.63025692,15,6,2,9,3/27/16 16:27,3/27/16 16:27,1
41.88357972,-87.63748594,9,5,11,6,3/27/16 16:27,3/27/16 16:27,1
41.86688449,-87.62955759,5,3,1,7,3/27/16 16:27,3/27/16 16:27,1
41.88143725,-87.62881396,8,10,12,7,3/27/16 16:27,3/27/16 16:27,1
41.88103211,-87.64233957,10,7,0,8,3/27/16 16:27,3/27/16 16:27,1
41.8711076,-87.63535635,7,9,13,14,3/27/16 16:27,3/27/16 16:27,1
41.88453515,-87.63299596,6,5,3,6,3/27/16 16:27,3/27/16 16:27,1
41.87473084,-87.63241391,2,2,0,4,3/27/16 16:27,3/27/16 16:27,1
41.8751066,-87.6360417,7,8,8,9,3/27/16 16:27,3/27/16 16:27,1
41.87734131,-87.63846637,3,4,15,2,3/27/16 16:27,3/27/16 16:27,1
41.87676759,-87.63763608,5,9,10,12,3/27/16 16:27,3/27/16 16:27,1
41.87100321,-87.623527,6,10,13,9,3/27/16 16:27,3/27/16 16:27,1
41.8735624,-87.63227508,10,8,2,1,3/27/16 16:27,3/27/16 16:27,1
41.87152172,-87.61856579,1,3,14,2,3/27/16 16:27,3/27/16 16:27,1
41.87616719,-87.63793965,0,2,4,1,3/27/16 16:27,3/27/16 16:27,1
41.87322638,-87.62126882,12,14,4,6,3/27/16 16:27,3/27/16 16:27,1
41.8785331,-87.62531516,3,4,15,3,3/27/16 16:27,3/27/16 16:27,1
41.8766091,-87.63235048,4,6,11,14,3/27/16 16:27,3/27/16 16:27,1
41.87547424,-87.62423202,12,1,2,14,3/27/16 16:27,3/27/16 16:27,1
41.88057344,-87.62227778,7,7,10,1,3/27/16 16:27,3/27/16 16:27,1
41.88872986,-87.62947536,15,0,4,3,3/27/16 16:27,3/27/16 16:27,1
41.8887112,-87.62454201,3,0,14,1,3/27/16 16:27,3/27/16 16:27,1
41.87479847,-87.61524449,0,11,4,3,3/27/16 16:27,3/27/16 16:27,1
41.8843228,-87.63952027,7,15,11,15,3/27/16 16:27,3/27/16 16:27,1
41.86905971,-87.63759002,13,7,3,2,3/27/16 16:27,3/27/16 16:27,1
41.87162764,-87.62123618,9,10,11,3,3/27/16 16:27,3/27/16 16:27,1
41.87101874,-87.6363248,14,15,2,2,3/27/16 16:27,3/27/16 16:27,1
41.8767781,-87.61785784,1,14,7,7,3/27/16 16:27,3/27/16 16:27,1
41.87003001,-87.62331295,15,14,4,4,3/27/16 16:27,3/27/16 16:27,1
41.88542049,-87.63024724,3,2,8,10,3/27/16 16:27,3/27/16 16:27,1
41.87608751,-87.64238064,11,5,1,3,3/27/16 16:27,3/27/16 16:27,1
41.86783266,-87.62400288,7,6,8,14,3/27/16 16:27,3/27/16 16:27,1
41.87230154,-87.62764507,0,8,8,10,3/27/16 16:27,3/27/16 16:27,1
41.88370964,-87.63771074,12,8,7,14,3/27/16 16:27,3/27/16 16:27,1
41.88444794,-87.63166347,0,1,10,2,3/27/16 16:27,3/27/16 16:27,1
41.88513882,-87.63681591,14,13,1,8,3/27/16 16:27,3/27/16 16:27,1
41.8682514,-87.62433467,1,15,2,13,3/27/16 16:27,3/27/16 16:27,1
41.87909924,-87.63414236,15,4,6,5,3/27/16 16:27,3/27/16 16:27,1
41.87385411,-87.64302506,11,11,5,5,3/27/16 16:27,3/27/16 16:27,1
41.88217808,-87.61893682,2,13,7,12,3/27/16 16:27,3/27/16 16:27,1
41.87682658,-87.62447251,11,11,8,0,3/27/16 16:27,3/27/16 16:27,1
41.88496609,-87.62398623,0,7,4,0,3/27/16 16:27,3/27/16 16:27,1
41.87315255,-87.62470481,6,14,6,14,3/27/16 16:27,3/27/16 16:27,1
41.88159519,-87.64230218,0,0,10,11,3/27/16 16:27,3/27/16 16:27,1
41.87388579,-87.62835826,2,3,12,14,3/27/16 16:27,3/27/16 16:27,1
41.87715201,-87.63582842,12,13,12,6,3/27/16 16:27,3/27/16 16:27,1
41.88157924,-87.64046001,7,4,13,7,3/27/16 16:27,3/27/16 16:27,1
41.88252002,-87.6202284,10,0,1,11,3/27/16 16:27,3/27/16 16:27,1
41.87757277,-87.63737404,13,11,9,14,3/27/16 16:27,3/27/16 16:27,1
41.87667458,-87.64283823,11,7,11,6,3/27/16 16:27,3/27/16 16:27,1
41.87643431,-87.64414675,7,1,11,10,3/27/16 16:27,3/27/16 16:27,1
41.87288682,-87.64120349,7,4,11,2,3/27/16 16:27,3/27/16 16:27,1
41.88797129,-87.62670208,0,4,15,13,3/27/16 16:27,3/27/16 16:27,1
41.88149195,-87.6271965,8,8,10,9,3/27/16 16:27,3/27/16 16:27,1
41.87830866,-87.62686678,4,9,13,8,3/27/16 16:27,3/27/16 16:27,1
41.88076169,-87.62831851,12,2,1,15,3/27/16 16:27,3/27/16 16:27,1
41.88539954,-87.63350685,0,2,6,13,3/27/16 16:27,3/27/16 16:27,1
41.87946561,-87.63994415,0,5,5,5,3/27/16 16:27,3/27/16 16:27,1
41.88383895,-87.63515273,8,8,8,1,3/27/16 16:27,3/27/16 16:27,1
41.88160451,-87.6390545,6,10,7,12,3/27/16 16:27,3/27/16 16:27,1
41.8866944,-87.63587157,15,6,3,8,3/27/16 16:27,3/27/16 16:27,1
41.87443006,-87.6258465,13,3,1,3,3/27/16 16:27,3/27/16 16:27,1
41.88686577,-87.63205554,12,14,7,14,3/27/16 16:27,3/27/16 16:27,1
41.87902617,-87.61871153,9,9,13,6,3/27/16 16:27,3/27/16 16:27,1
41.86913541,-87.62409149,2,9,13,8,3/27/16 16:27,3/27/16 16:27,1
41.87552138,-87.634763,1,3,4,11,3/27/16 16:27,3/27/16 16:27,1
41.88277165,-87.64372669,3,14,0,6,3/27/16 16:27,3/27/16 16:27,1
41.87419977,-87.6169752,0,4,15,11,3/27/16 16:27,3/27/16 16:27,1
41.8806576,-87.62553797,15,9,14,15,3/27/16 16:27,3/27/16 16:27,1
41.88896244,-87.63369315,9,14,3,12,3/27/16 16:27,3/27/16 16:27,1
41.87862804,-87.61947497,3,5,9,2,3/27/16 16:27,3/27/16 16:27,1
41.88166094,-87.61557037,14,15,1,7,3/27/16 16:27,3/27/16 16:27,1
41.8803233,-87.62034964,10,4,15,5,3/27/16 16:27,3/27/16 16:27,1
41.87683192,-87.6393562,1,11,4,13,3/27/16 16:27,3/27/16 16:27,1
41.88511914,-87.62063475,10,2,15,6,3/27/16 16:27,3/27/16 16:27,1
41.86827527,-87.6308528,6,2,13,6,3/27/16 16:27,3/27/16 16:27,1
41.8721655,-87.63854478,1,10,6,10,3/27/16 16:27,3/27/16 16:27,1
41.87504981,-87.62801197,9,11,5,8,3/27/16 16:27,3/27/16 16:27,1
41.88221994,-87.62057951,8,7,3,3,3/27/16 16:27,3/27/16 16:27,1
41.87297078,-87.63822978,4,0,13,11,3/27/16 16:27,3/27/16 16:27,1
41.87758457,-87.6404047,0,0,12,4,3/27/16 16:27,3/27/16 16:27,1
41.8815308,-87.62743556,3,12,1,8,3/27/16 16:27,3/27/16 16:27,1
41.87350318,-87.62430639,6,2,11,4,3/27/16 16:27,3/27/16 16:27,1
41.88621815,-87.63595652,14,11,3,13,3/27/16 16:27,3/27/16 16:27,1
41.88618112,-87.63021795,7,10,7,14,3/27/16 16:27,3/27/16 16:27,1
41.87500928,-87.6165958,4,13,14,4,3/27/16 16:27,3/27/16 16:27,1
41.8745862,-87.64006018,1,14,13,12,3/27/16 16:27,3/27/16 16:27,1
41.87657323,-87.64395738,3,1,14,4,3/27/16 16:27,3/27/16 16:27,1
41.88586587,-87.63886729,7,0,1,2,3/27/16 16:27,3/27/16 16:27,1
41.88305706,-87.61844308,12,10,14,5,3/27/16 16:27,3/27/16 16:27,1
41.87761443,-87.62224329,9,4,9,3,3/27/16 16:27,3/27/16 16:27,1
41.88470551,-87.6411761,2,4,13,15,3/27/16 16:27,3/27/16 16:27,1
41.87007185,-87.61969429,3,9,12,8,3/27/16 16:27,3/27/16 16:27,1
41.87141303,-87.63025633,8,2,15,11,3/27/16 16:27,3/27/16 16:27,1
41.87827763,-87.614468,14,14,15,2,3/27/16 16:27,3/27/16 16:27,1
41.88442243,-87.62496458,10,15,11,0,3/27/16 16:27,3/27/16 16:27,1
41.88668315,-87.63377005,10,7,13,6,3/27/16 16:27,3/27/16 16:27,1
41.87472255,-87.62032203,13,8,7,14,3/27/16 16:27,3/27/16 16:27,1
41.87496962,-87.61897808,1,2,15,2,3/27/16 16:27,3/27/16 16:27,1
41.87211229,-87.63727821,12,11,15,14,3/27/16 16:27,3/27/16 16:27,1
41.86662419,-87.63112058,2,15,12,15,3/27/16 16:27,3/27/16 16:27,1
41.87527144,-87.63840737,2,13,7,1,3/27/16 16:27,3/27/16 16:27,1
41.88068351,-87.63817927,12,10,3,2,3/27/16 16:27,3/27/16 16:27,1
41.87666367,-87.63630868,2,6,3,11,3/27/16 16:27,3/27/16 16:27,1
41.87411603,-87.64423941,15,0,0,15,3/27/16 16:27,3/27/16 16:27,1
41.86966706,-87.6369269,11,2,8,4,3/27/16 16:27,3/27/16 16:27,1
41.87743524,-87.63787855,8,9,8,2,3/27/16 16:27,3/27/16 16:27,1
41.88822928,-87.63360919,9,13,8,10,3/27/16 16:27,3/27/16 16:27,1
41.87972599,-87.63693557,15,14,5,13,3/27/16 16:27,3/27/16 16:27,1
41.88015664,-87.61961417,3,0,8,10,3/27/16 16:27,3/27/16 16:27,1
41.87768466,-87.6192199,13,10,6,5,3/27/16 16:27,3/27/16 16:27,1
41.86872875,-87.63815717,15,3,2,1,3/27/16 16:27,3/27/16 16:27,1
41.86843597,-87.62729643,7,1,9,6,3/27/16 16:27,3/27/16 16:27,1
41.88108214,-87.62552865,13,7,12,3,3/27/16 16:27,3/27/16 16:27,1
41.88143061,-87.62926525,15,3,10,7,3/27/16 16:27,3/27/16 16:27,1
41.8772021,-87.6422537,8,15,4,5,3/27/16 16:27,3/27/16 16:27,1
41.88918796,-87.63283579,15,5,10,1,3/27/16 16:27,3/27/16 16:27,1
41.86951878,-87.63868166,0,15,6,13,3/27/16 16:27,3/27/16 16:27,1
41.88475034,-87.63691016,14,9,15,7,3/27/16 16:27,3/27/16 16:27,1
41.88276328,-87.638137,6,12,9,4,3/27/16 16:27,3/27/16 16:27,1
41.86756382,-87.63041787,6,13,12,13,3/27/16 16:27,3/27/16 16:27,1
41.87365185,-87.63820623,0,13,9,1,3/27/16 16:27,3/27/16 16:27,1
41.87613763,-87.62555431,3,15,2,10,3/27/16 16:27,3/27/16 16:27,1
41.88646642,-87.62385444,12,1,9,5,3/27/16 16:27,3/27/16 16:27,1
41.88115634,-87.63012373,15,3,9,12,3/27/16 16:27,3/27/16 16:27,1
41.88729218,-87.62358374,13,1,9,8,3/27/16 16:27,3/27/16 16:27,1
41.88384913,-87.64185706,2,0,0,15,3/27/16 16:27,3/27/16 16:27,1
41.86931899,-87.63315038,1,14,6,9,3/27/16 16:27,3/27/16 16:27,1
41.87747169,-87.64220918,12,0,4,2,3/27/16 16:27,3/27/16 16:27,1
41.87774271,-87.63398543,15,13,3,5,3/27/16 16:27,3/27/16 16:27,1
41.87351911,-87.63076282,8,9,1,15,3/27/16 16:27,3/27/16 16:27,1
41.87927613,-87.62983743,1,1,15,9,3/27/16 16:27,3/27/16 16:27,1
41.86779458,-87.63059073,9,5,10,1,3/27/16 16:27,3/27/16 16:27,1
41.88774817,-87.62194882,3,15,11,12,3/27/16 16:27,3/27/16 16:27,1
41.88591521,-87.62480219,13,5,4,8,3/27/16 16:27,3/27/16 16:27,1
41.86887647,-87.62550039,15,11,5,5,3/27/16 16:27,3/27/16 16:27,1
41.88621983,-87.63803019,7,6,9,3,3/27/16 16:27,3/27/16 16:27,1
41.87654901,-87.63655368,8,11,5,2,3/27/16 16:27,3/27/16 16:27,1
41.87042526,-87.63643489,13,7,6,9,3/27/16 16:27,3/27/16 16:27,1
41.8701182,-87.63371459,1,1,1,2,3/27/16 16:27,3/27/16 16:27,1
41.87183075,-87.62029199,9,6,15,2,3/27/16 16:27,3/27/16 16:27,1
41.88095259,-87.62794483,4,14,7,1,3/27/16 16:27,3/27/16 16:27,1
41.88527168,-87.6302576,2,12,7,0,3/27/16 16:27,3/27/16 16:27,1
41.87018083,-87.61996901,5,13,0,5,3/27/16 16:27,3/27/16 16:27,1
41.87879015,-87.62174033,5,4,13,2,3/27/16 16:27,3/27/16 16:27,1
41.87198313,-87.62228791,4,12,12,10,3/27/16 16:27,3/27/16 16:27,1
41.88342094,-87.62082154,4,11,8,15,3/27/16 16:27,3/27/16 16:27,1
41.88809072,-87.6293297,8,12,0,8,3/27/16 16:27,3/27/16 16:27,1
41.87208138,-87.6310507,2,3,7,9,3/27/16 16:27,3/27/16 16:27,1
41.88140341,-87.62458407,1,1,5,10,3/27/16 16:27,3/27/16 16:27,1
41.87673404,-87.62042463,9,14,7,9,3/27/16 16:27,3/27/16 16:27,1
41.88626533,-87.62084877,13,4,14,3,3/27/16 16:27,3/27/16 16:27,1
41.87415817,-87.6225979,0,11,13,13,3/27/16 16:27,3/27/16 16:27,1
41.88414396,-87.6430158,7,14,10,11,3/27/16 16:27,3/27/16 16:27,1
41.87635811,-87.61484805,14,0,11,10,3/27/16 16:27,3/27/16 16:27,1
41.86927742,-87.62796861,13,14,12,11,3/27/16 16:27,3/27/16 16:27,1
41.86985091,-87.62027034,13,15,2,9,3/27/16 16:27,3/27/16 16:27,1
41.8858714,-87.62219591,11,8,7,5,3/27/16 16:27,3/27/16 16:27,1
41.88043567,-87.61697727,6,7,8,11,3/27/16 16:27,3/27/16 16:27,1
41.8669873,-87.63112203,12,11,5,8,3/27/16 16:27,3/27/16 16:27,1
41.86972345,-87.62545154,4,9,8,0,3/27/16 16:27,3/27/16 16:27,1
41.87704153,-87.63848226,3,10,14,0,3/27/16 16:27,3/27/16 16:27,1
41.87081105,-87.63517348,4,3,15,11,3/27/16 16:27,3/27/16 16:27,1
41.87904196,-87.6449146,14,5,11,6,3/27/16 16:27,3/27/16 16:27,1
41.87172994,-87.62463325,10,3,14,5,3/27/16 16:27,3/27/16 16:27,1
41.88322202,-87.61832571,6,12,9,8,3/27/16 16:27,3/27/16 16:27,1
41.88711173,-87.63835892,6,5,4,6,3/27/16 16:27,3/27/16 16:27,1
41.87405512,-87.63822339,15,7,1,5,3/27/16 16:27,3/27/16 16:27,1
41.88204573,-87.62817319,5,7,13,12,3/27/16 16:27,3/27/16 16:27,1
41.88521416,-87.63607895,5,13,1,15,3/27/16 16:27,3/27/16 16:27,1
41.86839184,-87.62929599,8,15,1,0,3/27/16 16:27,3/27/16 16:27,1
41.87869108,-87.64121172,12,1,6,8,3/27/16 16:27,3/27/16 16:27,1
41.88030984,-87.61537572,12,11,8,13,3/27/16 16:27,3/27/16 16:27,1
41.8726897,-87.64087648,2,7,7,14,3/27/16 16:27,3/27/16 16:27,1
41.86772796,-87.63330408,10,15,15,0,3/27/16 16:27,3/27/16 16:27,1
41.87007306,-87.63758192,6,11,7,12,3/27/16 16:27,3/27/16 16:27,1
41.87588969,-87.64038742,8,6,6,15,3/27/16 16:27,3/27/16 16:27,1
41.88033683,-87.63507635,4,8,6,15,3/27/16 16:27,3/27/16 16:27,1
41.87791213,-87.61802359,3,6,0,13,3/27/16 16:27,3/27/16 16:27,1
41.88360734,-87.64093751,10,15,0,7,3/27/16 16:27,3/27/16 16:27,1
41.87764418,-87.62371778,8,15,9,4,3/27/16 16:27,3/27/16 16:27,1
41.88486639,-87.63276683,6,11,3,3,3/27/16 16:27,3/27/16 16:27,1
41.88301861,-87.62618695,4,12,4,3,3/27/16 16:27,3/27/16 16:27,1
41.87731827,-87.64485302,2,3,11,3,3/27/16 16:27,3/27/16 16:27,1
41.86826469,-87.63548806,0,3,10,13,3/27/16 16:27,3/27/16 16:27,1
41.88835956,-87.63691309,7,12,14,11,3/27/16 16:27,3/27/16 16:27,1
41.87784373,-87.64249728,6,13,0,13,3/27/16 16:27,3/27/16 16:27,1
41.88339573,-87.62888075,4,3,0,9,3/27/16 16:27,3/27/16 16:27,1
41.87640846,-87.62920593,8,8,4,0,3/27/16 16:27,3/27/16 16:27,1
41.86883756,-87.6304482,13,3,7,5,3/27/16 16:27,3/27/16 16:27,1
41.87581519,-87.64143233,3,2,10,4,3/27/16 16:27,3/27/16 16:27,1
41.87356792,-87.6427764,10,7,6,4,3/27/16 16:27,3/27/16 16:27,1
41.88098253,-87.62273301,5,7,5,0,3/27/16 16:27,3/27/16 16:27,1
41.88865699,-87.62623665,3,1,11,7,3/27/16 16:27,3/27/16 16:27,1
41.86853218,-87.63774899,6,7,0,13,3/27/16 16:27,3/27/16 16:27,1
41.88559915,-87.62556417,13,14,9,12,3/27/16 16:27,3/27/16 16:27,1
41.88269797,-87.64240409,2,13,4,12,3/27/16 16:27,3/27/16 16:27,1
41.88237695,-87.62747482,1,5,1,12,3/27/16 16:27,3/27/16 16:27,1
41.87967238,-87.62729592,4,1,7,8,3/27/16 16:27,3/27/16 16:27,1
41.87421919,-87.63939578,6,5,1,9,3/27/16 16:27,3/27/16 16:27,1
41.88154309,-87.63230273,6,8,14,11,3/27/16 16:27,3/27/16 16:27,1
41.87137246,-87.62057276,5,10,13,2,3/27/16 16:27,3/27/16 16:27,1
41.87499402,-87.61757232,2,3,13,11,3/27/16 16:27,3/27/16 16:27,1
41.88231956,-87.62662513,13,11,15,3,3/27/16 16:27,3/27/16 16:27,1
41.88338869,-87.6191932,15,9,9,11,3/27/16 16:27,3/27/16 16:27,1
41.87601963,-87.61974781,0,0,8,14,3/27/16 16:27,3/27/16 16:27,1
41.88723574,-87.63559509,6,13,14,2,3/27/16 16:27,3/27/16 16:27,1
41.886866,-87.62335962,3,14,15,1,3/27/16 16:27,3/27/16 16:27,1
41.87562681,-87.64398656,2,13,7,15,3/27/16 16:27,3/27/16 16:27,1
41.87875097,-87.64286106,1,15,11,9,3/27/16 16:27,3/27/16 16:27,1
41.88942137,-87.62662247,1,10,11,10,3/27/16 16:27,3/27/16 16:27,1
41.87385068,-87.62137164,0,4,13,14,3/27/16 16:27,3/27/16 16:27,1
41.87077846,-87.63457819,9,1,0,13,3/27/16 16:27,3/27/16 16:27,1
41.88236733,-87.61950378,6,6,6,14,3/27/16 16:27,3/27/16 16:27,1
41.88507596,-87.63855629,6,0,0,6,3/27/16 16:27,3/27/16 16:27,1
41.87514763,-87.63400678,11,2,10,14,3/27/16 16:27,3/27/16 16:27,1
41.8793427,-87.64468043,5,13,13,14,3/27/16 16:27,3/27/16 16:27,1
41.88156202,-87.62341019,14,0,12,2,3/27/16 16:27,3/27/16 16:27,1
41.87043708,-87.62748558,15,9,12,10,3/27/16 16:27,3/27/16 16:27,1
41.88176971,-87.61862459,15,2,10,7,3/27/16 16:27,3/27/16 16:27,1
41.88523134,-87.63100822,9,11,15,2,3/27/16 16:27,3/27/16 16:27,1
41.87018335,-87.62384906,7,0,4,9,3/27/16 16:27,3/27/16 16:27,1
41.86754613,-87.63179456,2,4,12,5,3/27/16 16:27,3/27/16 16:27,1
41.87933677,-87.62578478,0,7,4,5,3/27/16 16:27,3/27/16 16:27,1
41.86701116,-87.62962918,12,15,0,1,3/27/16 16:27,3/27/16 16:27,1
41.87396376,-87.63719518,13,2,2,7,3/27/16 16:27,3/27/16 16:27,1
41.87260146,-87.61634287,5,8,11,1,3/27/16 16:27,3/27/16 16:27,1
41.879241,-87.62234731,13,1,5,4,3/27/16 16:27,3/27/16 16:27,1
41.87086112,-87.62668942,15,7,12,7,3/27/16 16:27,3/27/16 16:27,1
41.88213427,-87.63561918,11,7,11,12,3/27/16 16:27,3/27/16 16:27,1
41.87717983,-87.63968281,12,12,9,1,3/27/16 16:27,3/27/16 16:27,1
41.88532804,-87.61866832,1,9,10,8,3/27/16 16:27,3/27/16 16:27,1
41.88120196,-87.615199,15,1,8,13,3/27/16 16:27,3/27/16 16:27,1
41.87243713,-87.63187766,14,1,5,0,3/27/16 16:27,3/27/16 16:27,1
41.87907848,-87.63610046,10,9,14,4,3/27/16 16:27,3/27/16 16:27,1
41.87955356,-87.63288701,14,1,6,0,3/27/16 16:27,3/27/16 16:27,1
41.87747083,-87.61950169,4,8,14,3,3/27/16 16:27,3/27/16 16:27,1
41.8878848,-87.62402129,2,0,13,14,3/27/16 16:27,3/27/16 16:27,1
41.87909008,-87.61517703,7,2,12,8,3/27/16 16:27,3/27/16 16:27,1
41.86701928,-87.62900976,6,7,13,10,3/27/16 16:27,3/27/16 16:27,1
41.88210119,-87.62658985,5,8,0,10,3/27/16 16:27,3/27/16 16:27,1
41.87938298,-87.61572512,11,6,7,15,3/27/16 16:27,3/27/16 16:27,1
41.88524663,-87.62102301,12,0,15,7,3/27/16 16:27,3/27/16 16:27,1
41.88469588,-87.6415219,14,1,7,8,3/27/16 16:27,3/27/16 16:27,1
41.87743854,-87.63972681,8,15,12,12,3/27/16 16:27,3/27/16 16:27,1
41.88279501,-87.61808605,2,4,3,11,3/27/16 16:27,3/27/16 16:27,1
41.86839,-87.63313921,14,2,12,12,3/27/16 16:27,3/27/16 16:27,1
41.8714844,-87.64058756,13,3,6,1,3/27/16 16:27,3/27/16 16:27,1
41.87410598,-87.63514722,15,1,10,12,3/27/16 16:27,3/27/16 16:27,1
41.876363,-87.62649356,7,2,6,4,3/27/16 16:27,3/27/16 16:27,1
41.88592212,-87.63428882,6,14,13,9,3/27/16 16:27,3/27/16 16:27,1
41.87764317,-87.61471406,5,10,6,1,3/27/16 16:27,3/27/16 16:27,1
41.87641565,-87.6155114,8,11,7,15,3/27/16 16:27,3/27/16 16:27,1
41.86699542,-87.62630051,10,3,4,14,3/27/16 16:27,3/27/16 16:27,1
41.87153149,-87.63670085,10,6,7,5,3/27/16 16:27,3/27/16 16:27,1
41.87624291,-87.61741434,10,2,9,7,3/27/16 16:27,3/27/16 16:27,1
41.88240238,-87.63289033,5,15,2,6,3/27/16 16:27,3/27/16 16:27,1
41.87785039,-87.62453235,1,1,8,15,3/27/16 16:27,3/27/16 16:27,1
41.87286854,-87.62587638,12,4,8,1,3/27/16 16:27,3/27/16 16:27,1
41.88595935,-87.61929698,6,1,12,8,3/27/16 16:27,3/27/16 16:27,1
41.88326246,-87.61885483,2,13,5,12,3/27/16 16:27,3/27/16 16:27,1
41.87549851,-87.62112899,13,12,8,11,3/27/16 16:27,3/27/16 16:27,1
41.88461299,-87.63470938,5,1,7,0,3/27/16 16:27,3/27/16 16:27,1
41.88363976,-87.63398808,2,10,3,9,3/27/16 16:27,3/27/16 16:27,1
41.87375416,-87.63013839,6,14,9,9,3/27/16 16:27,3/27/16 16:27,1
41.87362342,-87.61993464,3,10,0,0,3/27/16 16:27,3/27/16 16:27,1
41.87853149,-87.6174888,8,9,13,2,3/27/16 16:27,3/27/16 16:27,1
41.88888639,-87.62616969,4,9,7,15,3/27/16 16:27,3/27/16 16:27,1
41.88788174,-87.6214979,13,13,7,5,3/27/16 16:27,3/27/16 16:27,1
41.87572807,-87.64172863,0,1,14,4,3/27/16 16:27,3/27/16 16:27,1
41.88086373,-87.62335418,5,3,11,15,3/27/16 16:27,3/27/16 16:27,1
41.87986956,-87.62534562,0,12,12,9,3/27/16 16:27,3/27/16 16:27,1
41.87374363,-87.61613856,1,15,13,4,3/27/16 16:27,3/27/16 16:27,1
41.88279435,-87.63723381,4,5,10,6,3/27/16 16:27,3/27/16 16:27,1
41.88200065,-87.63691813,1,12,8,14,3/27/16 16:27,3/27/16 16:27,1
41.87586247,-87.64343334,2,13,8,3,3/27/16 16:27,3/27/16 16:27,1
41.88517235,-87.61780012,14,7,14,9,3/27/16 16:27,3/27/16 16:27,1
41.86961484,-87.63236862,11,8,13,8,3/27/16 16:27,3/27/16 16:27,1
41.86923997,-87.63435659,6,13,13,9,3/27/16 16:27,3/27/16 16:27,1
41.87305945,-87.63765263,2,11,14,2,3/27/16 16:27,3/27/16 16:27,1
41.88128372,-87.61657824,1,10,6,4,3/27/16 16:27,3/27/16 16:27,1
41.88670219,-87.63083385,0,1,11,6,3/27/16 16:27,3/27/16 16:27,1
41.87429573,-87.64419249,1,1,10,4,3/27/16 16:27,3/27/16 16:27,1
41.87366301,-87.63026964,3,7,0,10,3/27/16 16:27,3/27/16 16:27,1
41.86727943,-87.6301845,14,15,2,14,3/27/16 16:27,3/27/16 16:27,1
41.8766583,-87.62363064,7,8,9,1,3/27/16 16:27,3/27/16 16:27,1
41.88122279,-87.61898117,6,9,5,7,3/27/16 16:27,3/27/16 16:27,1
41.87847204,-87.61901313,9,1,9,7,3/27/16 16:27,3/27/16 16:27,1
41.88521682,-87.63864556,7,4,7,3,3/27/16 16:27,3/27/16 16:27,1
41.88422553,-87.6296685,13,12,11,11,3/27/16 16:27,3/27/16 16:27,1
41.88294681,-87.62360026,5,7,3,13,3/27/16 16:27,3/27/16 16:27,1
41.88098322,-87.63869028,11,10,9,2,3/27/16 16:27,3/27/16 16:27,1
41.86706673,-87.62960514,15,8,1,12,3/27/16 16:27,3/27/16 16:27,1
41.87368246,-87.63952301,0,4,14,13,3/27/16 16:27,3/27/16 16:27,1
41.87624414,-87.626611,5,2,5,7,3/27/16 16:27,3/27/16 16:27,1
41.87446376,-87.6173126,6,3,6,8,3/27/16 16:27,3/27/16 16:27,1
41.87241916,-87.62521273,7,13,3,15,3/27/16 16:27,3/27/16 16:27,1
41.86969513,-87.63740402,0,2,8,4,3/27/16 16:27,3/27/16 16:27,1
41.8814476,-87.64086973,8,8,3,3,3/27/16 16:27,3/27/16 16:27,1
41.88057131,-87.62745088,14,8,3,13,3/27/16 16:27,3/27/16 16:27,1
41.8889326,-87.63145926,7,1,4,1,3/27/16 16:27,3/27/16 16:27,1
41.87553419,-87.62178879,2,9,2,6,3/27/16 16:27,3/27/16 16:27,1
41.88033343,-87.63935576,5,3,2,9,3/27/16 16:27,3/27/16 16:27,1
41.88508485,-87.61878859,6,6,14,14,3/27/16 16:27,3/27/16 16:27,1
41.87315446,-87.63164139,7,6,15,13,3/27/16 16:27,3/27/16 16:27,1
41.87533798,-87.64302016,1,6,15,7,3/27/16 16:27,3/27/16 16:27,1
41.88460445,-87.63715997,11,13,14,1,3/27/16 16:27,3/27/16 16:27,1
41.86942933,-87.6269344,14,6,1,7,3/27/16 16:27,3/27/16 16:27,1
41.87904041,-87.61527559,6,9,1,15,3/27/16 16:27,3/27/16 16:27,1
41.88167876,-87.63623586,11,5,13,10,3/27/16 16:27,3/27/16 16:27,1
41.87211408,-87.63529546,11,2,0,10,3/27/16 16:27,3/27/16 16:27,1
41.88439728,-87.62888828,1,10,0,15,3/27/16 16:27,3/27/16 16:27,1
41.88177327,-87.63412742,3,7,12,10,3/27/16 16:27,3/27/16 16:27,1
41.88136096,-87.61693889,7,8,13,6,3/27/16 16:27,3/27/16 16:27,1
41.88303479,-87.62398817,6,1,1,4,3/27/16 16:27,3/27/16 16:27,1
41.87408275,-87.62406755,13,3,11,12,3/27/16 16:27,3/27/16 16:27,1
41.87960663,-87.63510438,14,0,1,13,3/27/16 16:27,3/27/16 16:27,1
41.88784178,-87.63688752,0,2,14,1,3/27/16 16:27,3/27/16 16:27,1
41.8848712,-87.63316312,1,1,0,0,3/27/16 16:27,3/27/16 16:27,1
41.8782584,-87.62361305,1,11,3,0,3/27/16 16:27,3/27/16 16:27,1
41.86987587,-87.62565993,9,5,0,8,3/27/16 16:27,3/27/16 16:27,1
41.86958623,-87.63483284,9,13,12,7,3/27/16 16:27,3/27/16 16:27,1
41.86890114,-87.62405946,11,0,13,11,3/27/16 16:27,3/27/16 16:27,1
41.88520447,-87.63042814,7,1,10,0,3/27/16 16:27,3/27/16 16:27,1
41.87504144,-87.63809088,1,3,7,3,3/27/16 16:27,3/27/16 16:27,1
41.88077454,-87.62838422,7,2,11,7,3/27/16 16:27,3/27/16 16:27,1
41.8794059,-87.63398523,0,2,0,7,3/27/16 16:27,3/27/16 16:27,1
41.87391113,-87.61663605,15,3,5,10,3/27/16 16:27,3/27/16 16:27,1
41.88230875,-87.62260968,5,5,4,7,3/27/16 16:27,3/27/16 16:27,1
41.86878034,-87.63831124,15,9,13,1,3/27/16 16:27,3/27/16 16:27,1
41.87547843,-87.62212465,3,10,15,10,3/27/16 16:27,3/27/16 16:27,1
41.87798927,-87.63329767,2,14,6,12,3/27/16 16:27,3/27/16 16:27,1
41.88048359,-87.63419588,4,1,1,10,3/27/16 16:27,3/27/16 16:27,1
41.87494875,-87.62930174,8,15,11,1,3/27/16 16:27,3/27/16 16:27,1
41.88272812,-87.62613143,15,3,5,1,3/27/16 16:27,3/27/16 16:27,1
41.87484509,-87.63176878,10,11,14,1,3/27/16 16:27,3/27/16 16:27,1
41.88574503,-87.61841182,4,12,8,11,3/27/16 16:27,3/27/16 16:27,1
41.88113737,-87.63844089,15,15,12,6,3/27/16 16:27,3/27/16 16:27,1
41.88142509,-87.64306538,9,8,10,11,3/27/16 16:27,3/27/16 16:27,1
41.87079988,-87.63251356,8,7,11,13,3/27/16 16:27,3/27/16 16:27,1
41.87777024,-87.6319167,7,4,3,3,3/27/16 16:27,3/27/16 16:27,1
41.87340726,-87.61685487,11,1,11,7,3/27/16 16:27,3/27/16 16:27,1
41.87866253,-87.61902634,8,11,7,0,3/27/16 16:27,3/27/16 16:27,1
41.88154773,-87.64102232,4,15,15,12,3/27/16 16:27,3/27/16 16:27,1
41.87703892,-87.63206456,6,14,0,15,3/27/16 16:27,3/27/16 16:27,1
41.86998825,-87.62742724,13,3,8,6,3/27/16 16:27,3/27/16 16:27,1
41.88581982,-87.64018181,1,3,12,7,3/27/16 16:27,3/27/16 16:27,1
41.88432061,-87.63656622,2,8,9,6,3/27/16 16:27,3/27/16 16:27,1
41.87560131,-87.63280624,10,9,7,13,3/27/16 16:27,3/27/16 16:27,1
41.88639584,-87.63083727,1,11,0,5,3/27/16 16:27,3/27/16 16:27,1
41.88617063,-87.6236929,11,3,1,5,3/27/16 16:27,3/27/16 16:27,1
41.8887642,-87.62383529,9,8,11,13,3/27/16 16:27,3/27/16 16:27,1
41.87202585,-87.6316987,11,7,8,2,3/27/16 16:27,3/27/16 16:27,1
41.88086945,-87.62016284,11,5,12,15,3/27/16 16:27,3/27/16 16:27,1
41.88340005,-87.62610491,6,5,5,9,3/27/16 16:27,3/27/16 16:27,1
41.87260656,-87.62276367,11,0,2,11,3/27/16 16:27,3/27/16 16:27,1
41.88646519,-87.6372755,2,10,12,2,3/27/16 16:27,3/27/16 16:27,1
41.88154947,-87.61725198,5,1,3,5,3/27/16 16:27,3/27/16 16:27,1
41.88223213,-87.63569902,2,12,9,8,3/27/16 16:27,3/27/16 16:27,1
41.87993082,-87.63850812,6,13,3,10,3/27/16 16:27,3/27/16 16:27,1
41.88198112,-87.62721493,14,3,9,15,3/27/16 16:27,3/27/16 16:27,1
41.88349678,-87.63579793,14,15,11,2,3/27/16 16:27,3/27/16 16:27,1
41.88135231,-87.63606497,13,10,3,12,3/27/16 16:27,3/27/16 16:27,1
41.87395203,-87.62170681,5,4,7,15,3/27/16 16:27,3/27/16 16:27,1
41.8867924,-87.63284224,14,2,15,4,3/27/16 16:27,3/27/16 16:27,1
41.87558083,-87.64463932,3,4,4,12,3/27/16 16:27,3/27/16 16:27,1
41.88518652,-87.63689898,0,2,8,2,3/27/16 16:27,3/27/16 16:27,1
41.88560221,-87.61820845,0,3,9,10,3/27/16 16:27,3/27/16 16:27,1
41.87040108,-87.62691911,15,2,15,15,3/27/16 16:27,3/27/16 16:27,1
41.88280297,-87.6170074,7,5,4,2,3/27/16 16:27,3/27/16 16:27,1
41.88500773,-87.62304639,2,6,3,8,3/27/16 16:27,3/27/16 16:27,1
41.86909603,-87.63855014,14,1,12,11,3/27/16 16:27,3/27/16 16:27,1
41.87817848,-87.63233781,5,6,7,15,3/27/16 16:27,3/27/16 16:27,1
41.87154667,-87.62392828,0,11,14,13,3/27/16 16:27,3/27/16 16:27,1
41.87924973,-87.61872096,14,13,3,10,3/27/16 16:27,3/27/16 16:27,1
41.87980297,-87.6154209,8,13,5,4,3/27/16 16:27,3/27/16 16:27,1
41.87403285,-87.62061187,10,10,6,4,3/27/16 16:27,3/27/16 16:27,1
41.87855925,-87.64133968,7,1,2,10,3/27/16 16:27,3/27/16 16:27,1
41.86721681,-87.63008149,9,3,12,14,3/27/16 16:27,3/27/16 16:27,1
41.86995828,-87.62647147,6,12,1,10,3/27/16 16:27,3/27/16 16:27,1
41.86964028,-87.62503224,6,3,8,11,3/27/16 16:27,3/27/16 16:27,1
41.86976454,-87.63114587,7,5,7,3,3/27/16 16:27,3/27/16 16:27,1
41.88040395,-87.63748432,12,5,4,3,3/27/16 16:27,3/27/16 16:27,1
41.8694815,-87.63113108,1,6,13,11,3/27/16 16:27,3/27/16 16:27,1
41.8838133,-87.62181856,5,5,14,6,3/27/16 16:27,3/27/16 16:27,1
41.87379585,-87.63706877,6,6,13,0,3/27/16 16:27,3/27/16 16:27,1
41.88309084,-87.64308507,0,4,2,11,3/27/16 16:27,3/27/16 16:27,1
41.86672859,-87.63216467,5,15,2,15,3/27/16 16:27,3/27/16 16:27,1
41.88563106,-87.62161583,6,14,3,12,3/27/16 16:27,3/27/16 16:27,1
41.87502809,-87.63654867,7,10,3,13,3/27/16 16:27,3/27/16 16:27,1
41.87855747,-87.63026673,7,15,10,10,3/27/16 16:27,3/27/16 16:27,1
41.872204,-87.63337775,5,14,5,5,3/27/16 16:27,3/27/16 16:27,1
41.87830602,-87.62775568,4,1,7,7,3/27/16 16:27,3/27/16 16:27,1
41.88748005,-87.63258455,8,8,13,5,3/27/16 16:27,3/27/16 16:27,1
41.87007636,-87.63057728,2,15,1,7,3/27/16 16:27,3/27/16 16:27,1
41.87393143,-87.64232403,8,15,14,0,3/27/16 16:27,3/27/16 16:27,1
41.87145307,-87.63184201,8,9,5,9,3/27/16 16:27,3/27/16 16:27,1
41.88717378,-87.63143469,6,2,11,15,3/27/16 16:27,3/27/16 16:27,1
41.87327019,-87.63588901,9,1,7,13,3/27/16 16:27,3/27/16 16:27,1
41.88564153,-87.63803655,0,1,2,1,3/27/16 16:27,3/27/16 16:27,1
41.86663207,-87.63084551,10,12,6,11,3/27/16 16:27,3/27/16 16:27,1
41.87158537,-87.62095978,6,11,8,0,3/27/16 16:27,3/27/16 16:27,1
41.87862014,-87.6237619,1,11,2,4,3/27/16 16:27,3/27/16 16:27,1
41.88113251,-87.64236829,10,12,10,3,3/27/16 16:27,3/27/16 16:27,1
41.88675394,-87.62666367,15,8,8,7,3/27/16 16:27,3/27/16 16:27,1
41.87589598,-87.61502582,5,3,0,3,3/27/16 16:27,3/27/16 16:27,1
41.87119314,-87.62149611,13,9,1,6,3/27/16 16:27,3/27/16 16:27,1
41.88042406,-87.6399175,8,10,10,12,3/27/16 16:27,3/27/16 16:27,1
41.87678544,-87.62864048,9,15,14,4,3/27/16 16:27,3/27/16 16:27,1
41.88688675,-87.63635824,10,5,5,13,3/27/16 16:27,3/27/16 16:27,1
41.87419075,-87.62564311,2,11,4,12,3/27/16 16:27,3/27/16 16:27,1
41.88438358,-87.6351561,3,9,14,14,3/27/16 16:27,3/27/16 16:27,1
41.88511453,-87.61887771,13,4,1,6,3/27/16 16:27,3/27/16 16:27,1
41.88650548,-87.63544569,8,4,4,9,3/27/16 16:27,3/27/16 16:27,1
41.8792544,-87.64522178,5,7,13,7,3/27/16 16:27,3/27/16 16:27,1
41.87453395,-87.63836714,0,14,6,4,3/27/16 16:27,3/27/16 16:27,1
41.87377001,-87.64178316,11,14,2,3,3/27/16 16:27,3/27/16 16:27,1
41.8814277,-87.62782376,2,8,15,5,3/27/16 16:27,3/27/16 16:27,1
41.88242517,-87.62862301,15,3,7,9,3/27/16 16:27,3/27/16 16:27,1
41.87082688,-87.62441431,11,12,14,0,3/27/16 16:27,3/27/16 16:27,1
41.87213626,-87.6250864,4,9,10,12,3/27/16 16:27,3/27/16 16:27,1
41.88179293,-87.6407829,1,11,15,9,3/27/16 16:27,3/27/16 16:27,1
41.87246934,-87.6232726,9,9,10,2,3/27/16 16:27,3/27/16 16:27,1
41.87760217,-87.63323945,15,14,13,4,3/27/16 16:27,3/27/16 16:27,1
41.87552748,-87.6412698,13,11,14,14,3/27/16 16:27,3/27/16 16:27,1
41.87150927,-87.63481767,5,5,3,14,3/27/16 16:27,3/27/16 16:27,1
41.87659861,-87.64516497,0,14,7,8,3/27/16 16:27,3/27/16 16:27,1
41.88364159,-87.635856,6,13,0,8,3/27/16 16:27,3/27/16 16:27,1
41.87925496,-87.63260683,3,7,0,2,3/27/16 16:27,3/27/16 16:27,1
41.88780876,-87.63547096,14,5,6,10,3/27/16 16:27,3/27/16 16:27,1
41.88854611,-87.63525979,0,12,10,7,3/27/16 16:27,3/27/16 16:27,1
41.87009762,-87.62718628,2,15,13,5,3/27/16 16:27,3/27/16 16:27,1
41.87474944,-87.61666157,2,0,8,6,3/27/16 16:27,3/27/16 16:27,1
41.87847119,-87.62039168,4,3,3,3,3/27/16 16:27,3/27/16 16:27,1
41.88416864,-87.62581878,5,0,14,4,3/27/16 16:27,3/27/16 16:27,1
41.87725841,-87.6443716,13,6,8,7,3/27/16 16:27,3/27/16 16:27,1
41.88020597,-87.6394735,10,5,11,2,3/27/16 16:27,3/27/16 16:27,1
41.87928166,-87.62101535,14,1,8,10,3/27/16 16:27,3/27/16 16:27,1
41.87568895,-87.61913708,3,5,11,12,3/27/16 16:27,3/27/16 16:27,1
41.88163292,-87.6199896,11,1,5,13,3/27/16 16:27,3/27/16 16:27,1
41.86740617,-87.63497461,2,1,4,15,3/27/16 16:27,3/27/16 16:27,1
41.86891448,-87.63168196,7,3,5,3,3/27/16 16:27,3/27/16 16:27,1
41.87979419,-87.62249084,11,5,6,13,3/27/16 16:27,3/27/16 16:27,1
41.87513047,-87.63002292,9,15,9,12,3/27/16 16:27,3/27/16 16:27,1
41.87988484,-87.61619398,2,6,2,10,3/27/16 16:27,3/27/16 16:27,1
41.87920986,-87.64437996,5,5,11,14,3/27/16 16:27,3/27/16 16:27,1
41.87682043,-87.63019057,12,4,1,12,3/27/16 16:27,3/27/16 16:27,1
41.88125873,-87.61868496,3,4,8,5,3/27/16 16:27,3/27/16 16:27,1
41.88457851,-87.62691358,4,10,1,0,3/27/16 16:27,3/27/16 16:27,1
41.88441598,-87.62722752,2,6,0,10,3/27/16 16:27,3/27/16 16:27,1
41.87777231,-87.62929772,14,5,6,10,3/27/16 16:27,3/27/16 16:27,1
41.86726851,-87.63370886,1,6,15,2,3/27/16 16:27,3/27/16 16:27,1
41.86857626,-87.63530132,15,8,0,8,3/27/16 16:27,3/27/16 16:27,1
41.87542998,-87.61724531,3,14,7,0,3/27/16 16:27,3/27/16 16:27,1
41.88060314,-87.63410008,5,2,12,11,3/27/16 16:27,3/27/16 16:27,1
41.87660734,-87.63625139,6,11,5,7,3/27/16 16:27,3/27/16 16:27,1
41.87225352,-87.62958095,10,1,12,0,3/27/16 16:27,3/27/16 16:27,1
41.87481191,-87.64180345,5,1,8,11,3/27/16 16:27,3/27/16 16:27,1
41.88182793,-87.64259335,4,7,6,8,3/27/16 16:27,3/27/16 16:27,1
41.87831892,-87.63142356,3,3,11,1,3/27/16 16:27,3/27/16 16:27,1
41.8817883,-87.63640469,9,9,13,4,3/27/16 16:27,3/27/16 16:27,1
41.87231919,-87.63612045,10,13,11,4,3/27/16 16:27,3/27/16 16:27,1
41.87682194,-87.6261396,13,15,5,0,3/27/16 16:27,3/27/16 16:27,1
41.86951134,-87.63300182,3,15,5,8,3/27/16 16:27,3/27/16 16:27,1
41.8737012,-87.63591539,11,11,2,2,3/27/16 16:27,3/27/16 16:27,1
41.87595472,-87.64231453,1,2,1,0,3/27/16 16:27,3/27/16 16:27,1
41.87597033,-87.64399943,5,6,0,10,3/27/16 16:27,3/27/16 16:27,1
41.87278784,-87.62650784,8,13,8,6,3/27/16 16:27,3/27/16 16:27,1
41.87214778,-87.63651072,0,13,5,9,3/27/16 16:27,3/27/16 16:27,1
41.8711892,-87.63178071,10,0,14,8,3/27/16 16:27,3/27/16 16:27,1
41.88410053,-87.61868164,2,11,6,6,3/27/16 16:27,3/27/16 16:27,1
41.88570367,-87.63546539,14,8,9,2,3/27/16 16:27,3/27/16 16:27,1
41.87363191,-87.61613567,8,11,6,12,3/27/16 16:27,3/27/16 16:27,1
41.88331178,-87.61918222,15,15,8,7,3/27/16 16:27,3/27/16 16:27,1
41.87268037,-87.62955604,5,3,12,1,3/27/16 16:27,3/27/16 16:27,1
41.87199615,-87.63959827,3,2,7,0,3/27/16 16:27,3/27/16 16:27,1
41.87384754,-87.64323434,8,4,14,11,3/27/16 16:27,3/27/16 16:27,1
41.87150208,-87.63137794,13,10,2,1,3/27/16 16:27,3/27/16 16:27,1
41.88311668,-87.62520046,4,11,4,4,3/27/16 16:27,3/27/16 16:27,1
41.86760019,-87.6351816,2,12,0,6,3/27/16 16:27,3/27/16 16:27,1
41.884936,-87.62654737,1,7,14,9,3/27/16 16:27,3/27/16 16:27,1
41.87276622,-87.62956866,6,2,3,7,3/27/16 16:27,3/27/16 16:27,1
41.87403609,-87.6335582,1,6,3,5,3/27/16 16:27,3/27/16 16:27,1
41.87186238,-87.61906241,0,15,9,10,3/27/16 16:27,3/27/16 16:27,1
41.87099645,-87.6291763,9,2,9,9,3/27/16 16:27,3/27/16 16:27,1
41.87987422,-87.62004879,3,10,0,13,3/27/16 16:27,3/27/16 16:27,1
41.87266698,-87.61688947,6,3,2,7,3/27/16 16:27,3/27/16 16:27,1
41.87410539,-87.63631951,13,5,3,5,3/27/16 16:27,3/27/16 16:27,1
41.88744161,-87.63010233,5,15,1,8,3/27/16 16:27,3/27/16 16:27,1
41.87330068,-87.63391708,13,0,9,7,3/27/16 16:27,3/27/16 16:27,1
41.87895525,-87.62251129,2,6,0,10,3/27/16 16:27,3/27/16 16:27,1
41.87964166,-87.62446664,6,11,4,13,3/27/16 16:27,3/27/16 16:27,1
41.88299774,-87.62319867,5,2,0,8,3/27/16 16:27,3/27/16 16:27,1
41.87016489,-87.63335633,0,3,9,10,3/27/16 16:27,3/27/16 16:27,1
41.87181858,-87.6297741,2,5,11,2,3/27/16 16:27,3/27/16 16:27,1
41.86998209,-87.63691075,13,6,14,2,3/27/16 16:27,3/27/16 16:27,1
41.867799,-87.62702232,13,14,6,9,3/27/16 16:27,3/27/16 16:27,1
41.87189626,-87.62834379,4,11,12,14,3/27/16 16:27,3/27/16 16:27,1
41.86714784,-87.62510314,6,15,3,4,3/27/16 16:27,3/27/16 16:27,1
41.87452896,-87.6255542,14,3,15,9,3/27/16 16:27,3/27/16 16:27,1
41.87125618,-87.62971838,6,6,14,4,3/27/16 16:27,3/27/16 16:27,1
41.87731383,-87.62972522,13,1,5,13,3/27/16 16:27,3/27/16 16:27,1
41.87959775,-87.62318544,6,1,13,1,3/27/16 16:27,3/27/16 16:27,1
41.87606305,-87.61785164,2,12,11,3,3/27/16 16:27,3/27/16 16:27,1
41.88236232,-87.61567004,10,5,15,10,3/27/16 16:27,3/27/16 16:27,1
41.88163606,-87.63026214,12,5,4,9,3/27/16 16:27,3/27/16 16:27,1
41.87875783,-87.62018362,13,10,14,14,3/27/16 16:27,3/27/16 16:27,1
41.87931531,-87.63586416,11,7,7,1,3/27/16 16:27,3/27/16 16:27,1
41.88470621,-87.62850736,8,13,6,6,3/27/16 16:27,3/27/16 16:27,1
41.87539037,-87.63863778,9,9,14,10,3/27/16 16:27,3/27/16 16:27,1
41.87274878,-87.62603508,8,10,1,15,3/27/16 16:27,3/27/16 16:27,1
41.87667703,-87.61895042,1,14,13,1,3/27/16 16:27,3/27/16 16:27,1
41.8890816,-87.63129866,14,12,7,15,3/27/16 16:27,3/27/16 16:27,1
41.86899804,-87.62765516,8,14,15,4,3/27/16 16:27,3/27/16 16:27,1
41.87070981,-87.63537855,3,15,11,0,3/27/16 16:27,3/27/16 16:27,1
41.87272837,-87.61817049,4,7,1,10,3/27/16 16:27,3/27/16 16:27,1
41.88743747,-87.62785623,3,6,10,14,3/27/16 16:27,3/27/16 16:27,1
41.87150871,-87.63492599,13,2,12,12,3/27/16 16:27,3/27/16 16:27,1
41.87953825,-87.63814616,6,5,13,8,3/27/16 16:27,3/27/16 16:27,1
41.88643361,-87.62297703,10,9,12,15,3/27/16 16:27,3/27/16 16:27,1
41.88297704,-87.64000806,6,8,2,7,3/27/16 16:27,3/27/16 16:27,1
41.87212497,-87.63809497,13,6,3,5,3/27/16 16:27,3/27/16 16:27,1
41.87186257,-87.64038163,2,2,11,1,3/27/16 16:27,3/27/16 16:27,1
41.87735306,-87.6178976,14,12,12,13,3/27/16 16:27,3/27/16 16:27,1
41.87921584,-87.61893828,11,9,10,0,3/27/16 16:27,3/27/16 16:27,1
41.86888937,-87.63822533,1,11,14,3,3/27/16 16:27,3/27/16 16:27,1
41.87160478,-87.63561472,8,14,12,1,3/27/16 16:27,3/27/16 16:27,1
41.87763248,-87.62736108,9,4,6,7,3/27/16 16:27,3/27/16 16:27,1
41.88217794,-87.61819799,8,15,1,10,3/27/16 16:27,3/27/16 16:27,1
41.87202377,-87.62371548,9,8,15,9,3/27/16 16:27,3/27/16 16:27,1
41.8700671,-87.62367485,0,7,9,2,3/27/16 16:27,3/27/16 16:27,1
41.87240067,-87.63289111,12,11,1,2,3/27/16 16:27,3/27/16 16:27,1
41.86977604,-87.62421974,6,10,1,1,3/27/16 16:27,3/27/16 16:27,1
41.88455582,-87.6312902,0,4,9,0,3/27/16 16:27,3/27/16 16:27,1
41.88734608,-87.62162747,15,7,6,10,3/27/16 16:27,3/27/16 16:27,1
41.87751965,-87.61584128,1,11,13,13,3/27/16 16:27,3/27/16 16:27,1
41.88692076,-87.63240051,10,9,15,12,3/27/16 16:27,3/27/16 16:27,1
41.88663637,-87.62803617,0,12,5,4,3/27/16 16:27,3/27/16 16:27,1
41.87711631,-87.62229344,1,13,9,8,3/27/16 16:27,3/27/16 16:27,1
41.88769614,-87.63108222,9,5,11,7,3/27/16 16:27,3/27/16 16:27,1
41.8786456,-87.61814691,8,8,0,11,3/27/16 16:27,3/27/16 16:27,1
41.87180702,-87.64208398,13,4,11,15,3/27/16 16:27,3/27/16 16:27,1
41.87203077,-87.61678884,13,5,8,6,3/27/16 16:27,3/27/16 16:27,1
41.87114504,-87.64148766,3,12,0,12,3/27/16 16:27,3/27/16 16:27,1
41.87859939,-87.61706134,11,8,6,15,3/27/16 16:27,3/27/16 16:27,1
41.88272497,-87.64228964,12,10,3,6,3/27/16 16:27,3/27/16 16:27,1
41.873149,-87.63242087,5,14,3,15,3/27/16 16:27,3/27/16 16:27,1
41.88487503,-87.62461556,10,8,10,3,3/27/16 16:27,3/27/16 16:27,1
41.87375694,-87.62885148,3,12,0,6,3/27/16 16:27,3/27/16 16:27,1
41.88647361,-87.63205918,6,12,14,13,3/27/16 16:27,3/27/16 16:27,1
41.8691337,-87.63564412,12,11,13,4,3/27/16 16:27,3/27/16 16:27,1
41.87025604,-87.63146238,1,10,10,11,3/27/16 16:27,3/27/16 16:27,1
41.86806072,-87.63527513,11,7,13,11,3/27/16 16:27,3/27/16 16:27,1
41.87774278,-87.63014707,10,0,12,6,3/27/16 16:27,3/27/16 16:27,1
41.88595481,-87.62445533,7,10,3,1,3/27/16 16:27,3/27/16 16:27,1
41.87551054,-87.62345391,5,12,7,9,3/27/16 16:27,3/27/16 16:27,1
41.88126488,-87.63660336,8,12,11,10,3/27/16 16:27,3/27/16 16:27,1
41.88668588,-87.63858612,15,14,1,11,3/27/16 16:27,3/27/16 16:27,1
41.87525425,-87.6247654,3,15,5,13,3/27/16 16:27,3/27/16 16:27,1
41.87128956,-87.6259469,10,0,3,1,3/27/16 16:27,3/27/16 16:27,1
41.87464641,-87.63111102,12,11,15,15,3/27/16 16:27,3/27/16 16:27,1
41.87267029,-87.6390814,9,10,10,6,3/27/16 16:27,3/27/16 16:27,1
41.88467796,-87.61997555,1,6,13,12,3/27/16 16:27,3/27/16 16:27,1
41.88311536,-87.63901697,5,13,5,6,3/27/16 16:27,3/27/16 16:27,1
41.88499274,-87.63194799,5,13,3,4,3/27/16 16:27,3/27/16 16:27,1
41.8881334,-87.62320854,10,14,8,4,3/27/16 16:27,3/27/16 16:27,1
41.87152561,-87.63791815,14,9,11,10,3/27/16 16:27,3/27/16 16:27,1
41.87851307,-87.62725451,3,8,14,10,3/27/16 16:27,3/27/16 16:27,1
41.87203651,-87.62623805,11,10,5,0,3/27/16 16:27,3/27/16 16:27,1
41.88492385,-87.63098853,15,14,1,7,3/27/16 16:27,3/27/16 16:27,1
41.86994928,-87.62575153,3,0,13,6,3/27/16 16:27,3/27/16 16:27,1
41.87602839,-87.62287336,9,7,5,5,3/27/16 16:27,3/27/16 16:27,1
41.88493278,-87.63895394,1,5,13,4,3/27/16 16:27,3/27/16 16:27,1
41.88730598,-87.63297098,7,13,3,4,3/27/16 16:27,3/27/16 16:27,1
41.88009899,-87.62427429,7,9,2,13,3/27/16 16:27,3/27/16 16:27,1
41.87582426,-87.63423724,7,3,7,13,3/27/16 16:27,3/27/16 16:27,1
41.878162,-87.61846246,14,14,11,13,3/27/16 16:27,3/27/16 16:27,1
41.87289654,-87.6268463,5,15,10,4,3/27/16 16:27,3/27/16 16:27,1
41.87869475,-87.61877483,2,3,5,0,3/27/16 16:27,3/27/16 16:27,1
41.88019189,-87.64377777,10,7,5,11,3/27/16 16:27,3/27/16 16:27,1
41.87495605,-87.61686497,12,1,6,3,3/27/16 16:27,3/27/16 16:27,1
41.86663615,-87.62875999,5,7,14,8,3/27/16 16:27,3/27/16 16:27,1
41.88869659,-87.63297653,11,7,3,6,3/27/16 16:27,3/27/16 16:27,1
41.87490306,-87.61761707,11,2,15,1,3/27/16 16:27,3/27/16 16:27,1
41.87529147,-87.63037333,3,13,3,5,3/27/16 16:27,3/27/16 16:27,1
41.87519365,-87.62509601,11,1,1,5,3/27/16 16:27,3/27/16 16:27,1
41.88299328,-87.61795132,1,2,5,3,3/27/16 16:27,3/27/16 16:27,1
41.87021606,-87.62641576,4,1,15,4,3/27/16 16:27,3/27/16 16:27,1
41.87967104,-87.61490138,11,7,14,12,3/27/16 16:27,3/27/16 16:27,1
41.88325237,-87.63531498,3,11,13,12,3/27/16 16:27,3/27/16 16:27,1
41.88767448,-87.63607131,8,0,6,9,3/27/16 16:27,3/27/16 16:27,1
41.86693561,-87.62957859,11,14,6,9,3/27/16 16:27,3/27/16 16:27,1
41.88022192,-87.64428303,0,8,10,7,3/27/16 16:27,3/27/16 16:27,1
41.87641196,-87.6368666,2,9,7,15,3/27/16 16:27,3/27/16 16:27,1
41.86913412,-87.62649113,10,5,15,13,3/27/16 16:27,3/27/16 16:27,1
41.87127674,-87.63973238,0,11,4,11,3/27/16 16:27,3/27/16 16:27,1
41.87777197,-87.62671208,12,6,3,2,3/27/16 16:27,3/27/16 16:27,1
41.87204236,-87.62270511,5,1,0,9,3/27/16 16:27,3/27/16 16:27,1
41.87456565,-87.62525494,4,10,8,2,3/27/16 16:27,3/27/16 16:27,1
41.87996462,-87.63761042,9,7,3,10,3/27/16 16:27,3/27/16 16:27,1
41.87369834,-87.62526765,5,13,10,3,3/27/16 16:27,3/27/16 16:27,1
41.8778349,-87.64091202,3,4,10,3,3/27/16 16:27,3/27/16 16:27,1
41.87263315,-87.63718625,5,10,15,1,3/27/16 16:27,3/27/16 16:27,1
41.88133231,-87.61942023,13,9,9,2,3/27/16 16:27,3/27/16 16:27,1
41.87779488,-87.64507379,11,14,12,3,3/27/16 16:27,3/27/16 16:27,1
41.87431856,-87.61745267,7,13,8,0,3/27/16 16:27,3/27/16 16:27,1
41.88475314,-87.62941913,9,2,11,8,3/27/16 16:27,3/27/16 16:27,1
41.88113596,-87.64396212,7,4,14,0,3/27/16 16:27,3/27/16 16:27,1
41.8736727,-87.62704861,11,6,0,4,3/27/16 16:27,3/27/16 16:27,1
41.8812582,-87.62622772,5,4,15,15,3/27/16 16:27,3/27/16 16:27,1
41.8678956,-87.63602776,6,2,3,1,3/27/16 16:27,3/27/16 16:27,1
41.87957558,-87.62523512,9,14,2,1,3/27/16 16:27,3/27/16 16:27,1
41.88208589,-87.61904865,3,4,6,13,3/27/16 16:27,3/27/16 16:27,1
41.88658463,-87.62695544,3,13,3,12,3/27/16 16:27,3/27/16 16:27,1
41.88585517,-87.63420308,14,15,4,3,3/27/16 16:27,3/27/16 16:27,1
41.87716622,-87.6451284,4,8,12,4,3/27/16 16:27,3/27/16 16:27,1
41.88596705,-87.63336422,5,6,9,5,3/27/16 16:27,3/27/16 16:27,1
41.87075018,-87.62649372,1,13,1,6,3/27/16 16:27,3/27/16 16:27,1
41.87907133,-87.63961352,3,7,9,5,3/27/16 16:27,3/27/16 16:27,1
41.88088313,-87.63291022,12,5,13,14,3/27/16 16:27,3/27/16 16:27,1
41.86880625,-87.62974444,10,8,9,4,3/27/16 16:27,3/27/16 16:27,1
41.88462277,-87.62252513,13,9,15,8,3/27/16 16:27,3/27/16 16:27,1